編號,土地位置
NUMBER,BUILDINGLANDS
YPPNMLLJPHGGFHF66DG,新民段46-1地號
YPPNMLLJPHGGFHF66DG,新民段47地號
YPPNMLLJPHGGFHF66DG,新民段47-2地號
QPPNMLMJPHGGFGF48DG,三重段91地號
QPPNMLMJPHGGFGF48DG,三重段100地號
QPPNMLMJPHGGFGF48DG,三重段101地號
QPPNMLMJPHGGFGF48DG,三重段92地號
QPPNMLMJPHGGFGF48DG,三重段93地號
QPPNMLMJPHGGFGF48DG,三重段94地號
QPPNMLMJPHGGFGF48DG,三重段95地號
QPPNMLMJPHGGFGF48DG,三重段96地號
QPPNMLMJPHGGFGF48DG,三重段97地號
QPPNMLMJPHGGFGF48DG,三重段98地號
QPPNMLMJPHGGFGF48DG,三重段99地號
TPPNMLSJPHGGFEF09CG,馬偕段154-4地號
QPPNMLTJPHGGFHF56CG,信義段1135-1地號
QPPNMLTJPHGGFHF56CG,信義段1136地號
QPPNMLTJPHGGFHF56CG,信義段1145地號
QPPNMLTJPHGGFHF56CG,信義段1148地號
QPPNMLTJPHGGFHF56CG,信義段1146地號
QPPNMLTJPHGGFHF56CG,信義段1146-1地號
TPPNMLMKPHGGFEF58CG,海鷗段1009地號
QPQNMLOKPHGGFBF28CG,佳林段152地號
SPQNMLRLPHGGFHF86CG,保平段267地號
SPQNMLRLPHGGFHF86CG,保平段276地號
SPQNMLRLPHGGFHF86CG,保平段544地號
SPQNMLRLPHGGFHF86CG,保平段545地號
SPQNMLRLPHGGFHF86CG,保平段549地號
SPQNMLRLPHGGFHF86CG,保平段550地號
SPQNMLRLPHGGFHF86CG,保平段268地號
SPQNMLRLPHGGFHF86CG,保平段269地號
SPQNMLRLPHGGFHF86CG,保平段270地號
SPQNMLRLPHGGFHF86CG,保平段271地號
SPQNMLRLPHGGFHF86CG,保平段272地號
SPQNMLRLPHGGFHF86CG,保平段273地號
SPQNMLRLPHGGFHF86CG,保平段274地號
SPQNMLRLPHGGFHF86CG,保平段275地號
QPPNMLMJQHGGFBF08DG,建林段596地號
QPPNMLMJQHGGFBF08DG,建林段597地號
QPPNMLNJQHGGFEF38CG,海天段177地號
QPPNMLNJQHGGFEF38CG,海天段177-3地號
QPPNMLQJQHGGFBF48DG,新林段333地號
QPPNMLQJQHGGFBF48DG,新林段336地號
QPQNMLNKQHGGFAF18CG,永翠段50-1地號
QPQNMLNKQHGGFAF18CG,永翠段51地號
QPQNMLNKQHGGFAF18CG,永翠段51-1地號
QPPNMLQKQHGGFGF09DG,仁信段26地號
QPQNMLNJRHGGFAF28DG,公館段765-4地號
QPQNMLNJRHGGFAF28DG,公館段766地號
QPQNMLNJRHGGFAF28DG,公館段767地號
QPQNMLNJRHGGFAF28DG,公館段2047-1地號
QPQNMLNJRHGGFAF28DG,公館段2057地號
QPQNMLNJRHGGFAF28DG,公館段2058地號
QPQNMLNJRHGGFAF28DG,公館段2059地號
QPPNMLNLRHGGFBF38CG,文德段859地號
QPPNMLNLRHGGFBF38CG,文德段862地號
QPPNMLNLRHGGFBF38CG,文德段863地號
QPPNMLNLRHGGFBF38CG,文德段864地號
QPPNMLNLRHGGFBF38CG,文德段865地號
QPPNMLNLRHGGFBF38CG,文德段866地號
QPPNMLNLRHGGFBF38CG,文德段869地號
QPPNMLNLRHGGFBF38CG,文德段870地號
QPPNMLSLRHGGFGF86DG,正義段254-1地號
QPPNMLSLRHGGFGF86DG,正義段255地號
QPQNMLTLRHGGFBF56DG,建林段153地號
QPQNMLTLRHGGFBF56DG,建林段159地號
QPQNMLTLRHGGFBF56DG,建林段160地號
QPQNMLTLRHGGFBF09CG,力行段1217地號
QPPNMLKMRHGGFHF88DG,長堤段627地號
QPPNMLKMRHGGFHF88DG,長堤段627-1地號
QPPNMLKMRHGGFHF88DG,長堤段628地號
QPPNMLKMRHGGFHF88DG,長堤段628-1地號
QPPNMLKMRHGGFHF88DG,長堤段629地號
QPPNMLKMRHGGFHF88DG,長堤段629-1地號
QPPNMLKMRHGGFHF88DG,長堤段637地號
QPRNMLLJIIGGFBF37CG,雙鳳段195地號
QPRNMLLJIIGGFBF37CG,雙鳳段196地號
QPRNMLLJIIGGFBF37CG,雙鳳段197地號
QPRNMLLJIIGGFBF37CG,雙鳳段198地號
QPRNMLLJIIGGFBF37CG,雙鳳段199地號
QPRNMLLJIIGGFBF37CG,雙鳳段200地號
QPRNMLLJIIGGFBF37CG,雙鳳段202地號
QPPNMLLJIIGGFBF17CG,工二段30地號
QPPNMLLJIIGGFBF17CG,工二段31地號
VPRNMLOJIIGGFBF28DG,信華段五小段3地號
VPRNMLOJIIGGFBF28DG,信華段五小段12地號
VPRNMLOJIIGGFBF28DG,信華段五小段13地號
QPPNMLQJIIGGFCF87DG,安康段1568地號
QPPNMLSJIIGGFAF77CG,明德段7地號
QPPNMLSJIIGGFAF77CG,明德段8地號
UPPNMLNKIIGGFBF87CG,信華段五小段62地號
UPPNMLNKIIGGFBF87CG,信華段五小段63地號
QPPNMLOKIIGGFGF08CG,富貴段415地號
QPPNMLOKIIGGFGF08CG,富貴段416地號
QPPNMLOKIIGGFGF08CG,富貴段417地號
QPPNMLOKIIGGFGF08CG,富貴段418地號
QPPNMLOKIIGGFGF08CG,富貴段418-1地號
QPPNMLOKIIGGFAF47CG,江子翠段溪頭小段120-4地號
QPPNMLOKIIGGFAF47CG,江子翠段溪頭小段122-4地號
QPPNMLOKIIGGFAF47CG,江子翠段溪頭小段122-5地號
QPPNMLOKIIGGFAF47CG,江子翠段溪頭小段122-6地號
QPPNMLOKIIGGFAF47CG,江子翠段溪頭小段122-7地號
QPPNMLOKIIGGFAF47CG,江子翠段溪頭小段123-5地號
QPPNMLOKIIGGFAF47CG,江子翠段溪頭小段123-9地號
QPPNMLOKIIGGFAF47CG,江子翠段溪頭小段123-10地號
QPPNMLOKIIGGFAF47CG,江子翠段溪頭小段123-11地號
QPPNMLOKIIGGFAF47CG,江子翠段溪頭小段123-12地號
QPPNMLOKIIGGFAF47CG,江子翠段溪頭小段123-13地號
QPPNMLOKIIGGFAF47CG,江子翠段溪頭小段121-33地號
QPPNMLOKIIGGFAF47CG,江子翠段溪頭小段123-14地號
QPPNMLOKIIGGFAF47CG,江子翠段溪頭小段123-33地號
QPPNMLOKIIGGFAF47CG,江子翠段溪頭小段123-34地號
QPPNMLOKIIGGFAF47CG,江子翠段溪頭小段123-35地號
QPPNMLOKIIGGFAF47CG,江子翠段溪頭小段121-34地號
QPPNMLOKIIGGFAF47CG,江子翠段溪頭小段121-35地號
QPPNMLOKIIGGFAF47CG,江子翠段溪頭小段121-36地號
QPPNMLOKIIGGFAF47CG,江子翠段溪頭小段121-37地號
QPPNMLOKIIGGFAF47CG,江子翠段溪頭小段121-38地號
QPPNMLOKIIGGFAF47CG,江子翠段溪頭小段121-39地號
QPPNMLOKIIGGFAF47CG,江子翠段溪頭小段122地號
QPPNMLMLIIGGFHF18DG,及人段464地號
QPPNMLMLIIGGFHF18DG,及人段465地號
QPPNMLMLIIGGFHF18DG,及人段466地號
QPPNMLMLIIGGFHF18DG,及人段467地號
QPPNMLMLIIGGFHF18DG,及人段468地號
QPPNMLMLIIGGFHF18DG,及人段469地號
QPPNMLMLIIGGFHF18DG,及人段470地號
QPPNMLMLIIGGFHF18DG,及人段473地號
QPPNMLMLIIGGFHF18DG,及人段474地號
QPPNMLMLIIGGFBF47CG,力行段723地號
QPPNMLQLIIGGFDF18DG,中正段207地號
QPPNMLQLIIGGFDF18DG,中正段210地號
QPPNMLQLIIGGFDF18DG,中正段211地號
QPPNMLQLIIGGFDF18DG,中正段214地號
QPPNMLQLIIGGFDF18DG,中正段217地號
QPPNMLQLIIGGFDF18DG,中正段218地號
QPRNMLSLIIGGFBF38DG,副都心段一小段21地號
QPRNMLSLIIGGFBF38DG,副都心段一小段22地號
QPPNMLOJJIGGFBF57CG,力行段147地號
QPPNMLPJJIGGFDF87CG,福德段399地號
QPPNMLPJJIGGFDF87CG,福德段405地號
UPPNMLMKJIGGFBF97DG,成州段47地號
UPPNMLMKJIGGFBF97DG,成州段48地號
UPPNMLMKJIGGFBF97DG,成州段49地號
UPPNMLMKJIGGFBF97DG,成州段50地號
UPPNMLMKJIGGFBF97DG,成州段51地號
UPPNMLMKJIGGFBF97DG,成福段93地號
TPPNMLPKJIGGFBF08CG,新知段54-1地號
TPPNMLRKJIGGFHF98DG,安平段1091地號
TPPNMLRKJIGGFHF98DG,安平段1093地號
WPPNMLSKJIGGFBF78DG,副都心段一小段150-1地號
WPPNMLSKJIGGFBF78DG,副都心段一小段152地號
WPPNMLSKJIGGFBF78DG,副都心段一小段153地號
RPQNMLSKJIGGFBF38DG,力行段719地號
RPQNMLSKJIGGFBF38DG,力行段731地號
RPQNMLSKJIGGFBF38DG,力行段731-1地號
QPPNMLTKJIGGFCF28CG,安德段589地號
QPPNMLTKJIGGFCF28CG,安德段590地號
QPPNMLMLJIGGFGF08CG,五華段398地號
QPPNMLNLJIGGFGF18CG,正義段105地號
QPPNMLLJKIGGFCF47CG,安德段165地號
QPPNMLLJKIGGFCF47CG,安德段170地號
QPPNMLLJKIGGFCF47CG,安德段171地號
QPPNMLLJKIGGFCF47CG,安德段172地號
QPPNMLLJKIGGFCF47CG,安德段173地號
QPPNMLLJKIGGFCF47CG,安德段174地號
QPPNMLLJKIGGFCF47CG,安德段175地號
QPPNMLLJKIGGFCF47CG,安德段176地號
QPPNMLLJKIGGFCF47CG,安德段177地號
TPPNMLLJKIGGFIF38CG,中正段208地號
TPPNMLLJKIGGFIF38CG,中正段238地號
TPPNMLLJKIGGFIF38CG,中正段241地號
TPPNMLLJKIGGFIF38CG,中正段212地號
TPPNMLLJKIGGFIF38CG,中正段209地號
TPPNMLLJKIGGFIF38CG,中正段210地號
TPPNMLLJKIGGFIF38CG,中正段242地號
TPPNMLLJKIGGFIF38CG,中正段243地號
QPPNMLRJKIGGFCF08CG,安德段844-1地號
UPPNMLRJKIGGFAF38DG,新都段48-2地號
UPPNMLRJKIGGFAF38DG,新都段49地號
UPPNMLRJKIGGFAF38DG,新都段50地號
QPPNMLRJKIGGFGF58DG,富貴段696地號
QPPNMLRJKIGGFGF58DG,富貴段697地號
WPPNMLNKKIGGFBF28CG,五股段755-1地號
WPPNMLNKKIGGFBF28CG,五股段756地號
QPPNMLOKKIGGFGF28CG,三重段169地號
QPPNMLOKKIGGFGF28CG,三重段171地號
QPRNMLNLKIGGFCF08CG,斯馨段89地號
QPRNMLNLKIGGFCF08CG,斯馨段89-1地號
QPPNMLNLKIGGFAF77DG,明德段110地號
QPPNMLNLKIGGFAF77DG,明德段111地號
RPPNMLNLKIGGFHF48CG,中原段507地號
RPPNMLNLKIGGFHF48CG,中原段508地號
RPPNMLNLKIGGFHF48CG,中原段509地號
RPPNMLNLKIGGFHF48CG,中原段510地號
RPPNMLNLKIGGFHF48CG,中原段511地號
RPPNMLNLKIGGFHF48CG,中原段512地號
RPPNMLNLKIGGFHF48CG,中原段513地號
QPPNMLRLKIGGFBF18CG,力行段117地號
QPPNMLRLKIGGFBF18CG,力行段118地號
UPPNMLNJJHHGFEF18CG,米蘭段575地號
UPPNMLNJJHHGFEF18CG,米蘭段576地號
UPPNMLNJJHHGFEF18CG,米蘭段577地號
UPPNMLNJJHHGFEF18CG,米蘭段578地號
UPPNMLNJJHHGFEF18CG,米蘭段579地號
UPPNMLNJJHHGFEF18CG,米蘭段567-1地號
SPPNMLOJJHHGFDF08DG,文化段845地號
SPPNMLOJJHHGFDF08DG,文化段848地號
SPPNMLPJJHHGFEF28DG,馬偕段133-1地號
SPPNMLPJJHHGFEF28DG,馬偕段434-1地號
SPPNMLPJJHHGFEF28DG,馬偕段435地號
SPPNMLPJJHHGFEF28DG,馬偕段436地號
SPPNMLPJJHHGFEF28DG,馬偕段436-2地號
SPPNMLPJJHHGFEF28DG,馬偕段135-5地號
SPPNMLPJJHHGFEF28DG,馬偕段229-2地號
SPPNMLPJJHHGFEF28DG,馬偕段402地號
SPPNMLPJJHHGFEF28DG,馬偕段402-1地號
SPPNMLPJJHHGFEF28DG,馬偕段402-2地號
SPPNMLPJJHHGFEF28DG,馬偕段402-3地號
SPPNMLPJJHHGFEF28DG,馬偕段402-4地號
SPPNMLPJJHHGFEF28DG,馬偕段405地號
QPPNMLTKJHHGFGF78DG,仁信段9-1地號
QPPNMLTKJHHGFGF78DG,仁信段10地號
YPPNMLKLJHHGFHF78CG,民樂段873地號
YPPNMLKLJHHGFHF78CG,民樂段903地號
YPPNMLKLJHHGFHF78CG,民樂段906地號
YPPNMLKLJHHGFHF78CG,民樂段909地號
YPPNMLKLJHHGFHF78CG,民樂段871-1地號
YPPNMLKLJHHGFHF78CG,民樂段874地號
YPPNMLKLJHHGFHF78CG,民樂段877地號
YPPNMLKLJHHGFHF78CG,民樂段881地號
YPPNMLKLJHHGFHF78CG,民樂段886地號
YPPNMLKLJHHGFHF78CG,民樂段889地號
YPPNMLKLJHHGFHF78CG,民樂段892地號
YPPNMLKLJHHGFHF78CG,民樂段876地號
YPPNMLKLJHHGFHF78CG,民樂段895地號
YPPNMLKLJHHGFHF78CG,民樂段898地號
YPPNMLKLJHHGFHF78CG,民樂段901地號
YPPNMLKLJHHGFHF78CG,民樂段904地號
YPPNMLKLJHHGFHF78CG,民樂段907地號
YPPNMLKLJHHGFHF78CG,民樂段872地號
YPPNMLKLJHHGFHF78CG,民樂段875地號
YPPNMLKLJHHGFHF78CG,民樂段879地號
YPPNMLKLJHHGFHF78CG,民樂段882地號
YPPNMLKLJHHGFHF78CG,民樂段887地號
YPPNMLKLJHHGFHF78CG,民樂段880地號
YPPNMLKLJHHGFHF78CG,民樂段890地號
YPPNMLKLJHHGFHF78CG,民樂段893地號
YPPNMLKLJHHGFHF78CG,民樂段896地號
YPPNMLKLJHHGFHF78CG,民樂段899地號
YPPNMLKLJHHGFHF78CG,民樂段902地號
YPPNMLKLJHHGFHF78CG,民樂段905地號
YPPNMLKLJHHGFHF78CG,民樂段908地號
YPPNMLKLJHHGFHF78CG,民樂段885地號
YPPNMLKLJHHGFHF78CG,民樂段888地號
YPPNMLKLJHHGFHF78CG,民樂段891地號
YPPNMLKLJHHGFHF78CG,民樂段894地號
YPPNMLKLJHHGFHF78CG,民樂段897地號
YPPNMLKLJHHGFHF78CG,民樂段900地號
QPRNMLKLJHHGFGF18DG,仁信段91地號
QPPNMLSJKHHGFHF78DG,橋和段424地號
ZPPNMLKKKHHGFBF38DG,芳洲段20-3地號
ZPPNMLKKKHHGFBF38DG,芳洲段20-4地號
ZPPNMLKKKHHGFBF38DG,芳洲段20-5地號
ZPPNMLKKKHHGFBF38DG,芳洲段20-6地號
ZPPNMLKKKHHGFBF38DG,芳洲段21地號
ZPPNMLKKKHHGFBF38DG,芳洲段25地號
QPQNMLKKKHHGFBF57DG,中原段149地號
QPQNMLKKKHHGFBF57DG,中原段150地號
QPQNMLKKKHHGFBF57DG,中原段174地號
TPQNMLPKKHHGFGF88DG,三重段374地號
TPQNMLPKKHHGFGF88DG,三重段375地號
TPQNMLPKKHHGFGF88DG,三重段376地號
TPQNMLPKKHHGFGF88DG,三重段377地號
TPRNMLPKKHHGFBF48DG,副都心段一小段60地號
TPRNMLPKKHHGFBF48DG,副都心段一小段60-1地號
TPRNMLPKKHHGFBF48DG,副都心段一小段60-2地號
TPRNMLPKKHHGFBF48DG,副都心段一小段61地號
TPRNMLPKKHHGFBF48DG,副都心段一小段63-2地號
QPPNMLPKKHHGFBF87CG,中原段45地號
QPPNMLRKKHHGFBF08CG,信華段五小段54地號
QPPNMLRKKHHGFBF08CG,信華段五小段55地號
QPPNMLRKKHHGFBF08CG,信華段五小段56地號
QPPNMLRKKHHGFBF08CG,信華段五小段56-1地號
QPPNMLRKKHHGFBF08CG,信華段五小段56-2地號
QPPNMLRKKHHGFBF08CG,信華段五小段56-3地號
QPPNMLRKKHHGFBF08CG,信華段五小段56-4地號
QPPNMLRKKHHGFBF08CG,信華段五小段57地號
QPQNMLSKKHHGFEF58CG,臺北港段87地號
QPPNMLSKKHHGFIF98DG,陶瓷段669地號
QPPNMLSKKHHGFIF98DG,陶瓷段677地號
TPPNMLLLKHHGFGF38CG,五谷王段45地號
TPPNMLLLKHHGFGF38CG,五谷王段58-1地號
TPPNMLLLKHHGFGF38CG,五谷王段59地號
TPPNMLLLKHHGFGF38CG,五谷王段60地號
YPPNMLLLKHHGFHF09DG,連城段120-1地號
YPPNMLLLKHHGFHF09DG,連城段121地號
YPPNMLLLKHHGFHF09DG,連城段898地號
RPPNMLPLKHHGFBF08CG,麗林段547-1地號
RPPNMLPLKHHGFBF08CG,麗林段547-2地號
RPPNMLPLKHHGFBF08CG,麗林段547-3地號
RPPNMLPLKHHGFBF08CG,麗林段548地號
TPPNMLLJLHHGFBF87DG,忠孝段410地號
TPPNMLLJLHHGFBF87DG,忠孝段411地號
TPPNMLLJLHHGFBF87DG,忠孝段412地號
TPPNMLLJLHHGFBF87DG,忠孝段472地號
SPPNMLRJLHHGFIF98CG,博愛段913地號
SPPNMLRJLHHGFIF98CG,博愛段914地號
SPSNMLSJLHHGFBF78DG,貴和段266地號
SPSNMLSJLHHGFBF78DG,貴和段346-2地號
SPPNMLSJLHHGFAF28CG,板翠段20地號
SPPNMLSJLHHGFAF28CG,板翠段21地號
SPPNMLSJLHHGFAF28CG,板翠段22地號
SPPNMLSJLHHGFAF28CG,板翠段45地號
SPPNMLSJLHHGFAF28CG,板翠段46地號
UPWNMLTJLHHGFGF27CG,五谷王段284地號
UPWNMLTJLHHGFGF27CG,五谷王段285地號
UPWNMLTJLHHGFGF27CG,五谷王段286地號
UPWNMLTJLHHGFGF27CG,五谷王段287地號
UPWNMLTJLHHGFGF27CG,五谷王段298地號
UPWNMLTJLHHGFGF27CG,五谷王段299地號
UPWNMLTJLHHGFGF27CG,五谷王段300地號
UPWNMLTJLHHGFGF27CG,五谷王段301地號
SPPNMLLKLHHGFBF87DG,信華段二小段10地號
SPPNMLLKLHHGFBF87DG,信華段三小段9地號
SPPNMLLKLHHGFBF87DG,信華段三小段10地號
SPPNMLLKLHHGFBF87DG,信華段三小段11地號
UPPNMLPKLHHGFCF58DG,斯馨段137地號
UPPNMLPKLHHGFCF58DG,斯馨段138地號
UPPNMLPKLHHGFCF58DG,斯馨段139地號
RPPNMLSKLHHGFBF38CG,忠孝段474-1地號
RPPNMLSKLHHGFBF38CG,忠孝段474-2地號
RPPNMLSKLHHGFBF38CG,忠孝段474-4地號
RPPNMLSKLHHGFBF38CG,忠孝段478-7地號
RPPNMLSKLHHGFBF38CG,忠孝段479-1地號
TPPNMLNLLHHGFBF28DG,信華段三小段3地號
RPPNMLPLLHHGFEF58DG,馬偕段272地號
SPQNMLTLLHHGFBF88DG,全安段743地號
SPQNMLTLLHHGFBF88DG,全安段752地號
SPQNMLTLLHHGFBF88DG,全安段753地號
SPQNMLTLLHHGFBF88DG,全安段754地號
SPQNMLTLLHHGFBF88DG,全安段755地號
SPQNMLTLLHHGFBF88DG,全安段756地號
SPQNMLTLLHHGFBF88DG,全安段761地號
SPQNMLTLLHHGFBF88DG,全安段762地號
SPQNMLTLLHHGFBF88DG,全安段763地號
SPQNMLTLLHHGFBF88DG,全安段764地號
SPQNMLTLLHHGFBF88DG,全安段765地號
SPQNMLTLLHHGFBF88DG,全安段744地號
SPQNMLTLLHHGFBF88DG,全安段766地號
SPQNMLTLLHHGFBF88DG,全安段767地號
SPQNMLTLLHHGFBF88DG,全安段769地號
SPQNMLTLLHHGFBF88DG,全安段770地號
SPQNMLTLLHHGFBF88DG,全安段771地號
SPQNMLTLLHHGFBF88DG,全安段771-1地號
SPQNMLTLLHHGFBF88DG,全安段745地號
SPQNMLTLLHHGFBF88DG,全安段746地號
SPQNMLTLLHHGFBF88DG,全安段747地號
SPQNMLTLLHHGFBF88DG,全安段748地號
SPQNMLTLLHHGFBF88DG,全安段749地號
SPQNMLTLLHHGFBF88DG,全安段750地號
SPQNMLTLLHHGFBF88DG,全安段751地號
QPPNMLKMLHHGFGF28DG,仁愛段2127-1地號
QPPNMLKMLHHGFGF28DG,仁愛段2127-2地號
QPPNMLKMLHHGFGF28DG,仁愛段2127-3地號
QPPNMLKMLHHGFGF28DG,仁愛段2127-4地號
QPPNMLKMLHHGFGF28DG,仁愛段2147-3地號
QPPNMLKMLHHGFGF28DG,仁愛段2431-3地號
QPPNMLKMLHHGFGF28DG,仁愛段2431-4地號
QPPNMLSKMHHGFBF48DG,力行段61地號
QPPNMLSKMHHGFBF48DG,力行段62地號
QPPNMLSKMHHGFBF48DG,力行段63地號
RPPNMLRLMHHGFIF56CG,樹德段549-1地號
RPPNMLRLMHHGFIF56CG,樹德段552地號
RPPNMLRLMHHGFIF56CG,樹德段553地號
RPPNMLRLMHHGFIF56CG,樹德段554地號
RPPNMLRLMHHGFIF56CG,樹德段555地號
RPPNMLRLMHHGFIF56CG,樹德段556地號
RPPNMLRLMHHGFIF56CG,樹德段557地號
RPQNMLMJNHHGFAF97DG,新都段59-1地號
RPQNMLMJNHHGFAF97DG,新都段60地號
RPQNMLMJNHHGFAF97DG,新都段60-1地號
RPQNMLMJNHHGFAF97DG,新都段61地號
RPQNMLMJNHHGFAF97DG,新都段66地號
RPQNMLMJNHHGFAF97DG,新都段67地號
QPQNMLMJNHHGFIF68DG,味王段387-3地號
QPPNMLQJNHHGFCF38DG,大豐段422地號
QPPNMLQJNHHGFCF38DG,大豐段423地號
TPPNMLTJNHHGFAF68CG,明德段287地號
QPPNMLKKNHHGFAF57CG,員福段128地號
QPPNMLKKNHHGFAF57CG,員福段130-1地號
QPPNMLKKNHHGFAF57CG,員福段132地號
RPPNMLLKNHHGFGF48DG,三重段347地號
RPPNMLLKNHHGFGF48DG,三重段348地號
RPPNMLLKNHHGFGF48DG,三重段349地號
RPPNMLLKNHHGFGF48DG,三重段350地號
RPPNMLLKNHHGFGF48DG,三重段351地號
RPPNMLLKNHHGFGF48DG,三重段351-1地號
SPPNMLNKNHHGFHF88DG,安平段815地號
SPPNMLNKNHHGFHF88DG,安平段816地號
SPPNMLNKNHHGFHF88DG,安平段831地號
SPPNMLNKNHHGFHF88DG,安平段832地號
SPPNMLNKNHHGFHF88DG,安平段834地號
SPPNMLNKNHHGFHF88DG,安平段835地號
SPPNMLNKNHHGFHF88DG,安平段864地號
QPPNMLRKNHHGFIF56DG,民族段858地號
QPPNMLRKNHHGFIF56DG,民族段859地號
UPPNMLKLNHHGFHF88DG,永利段577-1地號
QPPNMLKLNHHGFIF48CG,文林段1028-1地號
QPPNMLKLNHHGFIF48CG,文林段1029地號
QPPNMLKLNHHGFIF48CG,文林段1030地號
QPPNMLKLNHHGFIF48CG,文林段1031地號
QPPNMLKLNHHGFIF48CG,文林段1032地號
QPPNMLKLNHHGFIF48CG,文林段1033地號
QPPNMLKLNHHGFIF48CG,文林段1036地號
QPPNMLKLNHHGFIF48CG,文林段1037地號
QPQNMLPLNHHGFGF88CG,集美段684地號
QPQNMLPLNHHGFGF88CG,集美段843-1地號
QPQNMLPLNHHGFGF88CG,集美段844地號
QPQNMLPLNHHGFGF88CG,集美段692地號
QPQNMLPLNHHGFGF88CG,集美段693-1地號
QPQNMLPLNHHGFGF88CG,集美段694地號
QPQNMLPLNHHGFGF88CG,集美段695-5地號
QPQNMLPLNHHGFGF88CG,集美段839地號
QPQNMLPLNHHGFGF88CG,集美段840地號
QPQNMLPLNHHGFGF88CG,集美段841地號
QPQNMLPLNHHGFGF88CG,集美段842地號
RPQNMLQLNHHGFAF48CG,明德段65-1地號
RPQNMLQLNHHGFAF48CG,明德段65-2地號
RPQNMLQLNHHGFAF48CG,明德段65-3地號
RPQNMLQLNHHGFAF48CG,明德段65-4地號
RPQNMLQLNHHGFAF48CG,明德段65-5地號
RPQNMLQLNHHGFAF48CG,明德段65-6地號
RPQNMLQLNHHGFAF48CG,明德段66地號
RPQNMLQLNHHGFAF48CG,明德段67地號
QPPNMLRLNHHGFBF48CG,信華段五小段43-1地號
QPPNMLRLNHHGFBF48CG,信華段五小段60地號
QPPNMLRLNHHGFBF48CG,信華段五小段60-1地號
QPPNMLRLNHHGFBF48CG,信華段五小段43-2地號
QPPNMLRLNHHGFBF48CG,信華段五小段46地號
QPPNMLRLNHHGFBF48CG,信華段五小段47地號
QPPNMLRLNHHGFBF48CG,信華段五小段48地號
QPPNMLRLNHHGFBF48CG,信華段五小段49地號
QPPNMLRLNHHGFBF48CG,信華段五小段50地號
QPPNMLRLNHHGFBF48CG,信華段五小段51地號
QPPNMLRLNHHGFBF48CG,信華段五小段59地號
TPPNMLTLNHHGFBF09DG,同興段77地號
UPQNMLMJOHHGFBF38CG,國宅段24-11地號
TQPNMLNJOHHGFAF28CG,頂福段19-2地號
TQPNMLNJOHHGFAF28CG,頂福段61-1地號
TQPNMLNJOHHGFAF28CG,頂福段66地號
TQPNMLNJOHHGFAF28CG,頂福段66-2地號
TQPNMLNJOHHGFAF28CG,沛陂段754-21地號
TQPNMLNJOHHGFAF28CG,沛陂段754-22地號
RPPNMLSJOHHGFBF58CG,信華段五小段77地號
RPPNMLSJOHHGFBF58CG,信華段五小段86地號
QPPNMLTJOHHGFBF68DG,中山段18地號
QPPNMLTJOHHGFBF68DG,中山段20地號
QPPNMLTJOHHGFBF68DG,中山段24地號
QPPNMLTJOHHGFBF68DG,中山段30地號
QPPNMLTJOHHGFBF68DG,中山段22地號
QPPNMLTJOHHGFBF68DG,中山段28地號
QPPNMLTJOHHGFBF68DG,中山段32地號
QPPNMLTJOHHGFBF68DG,中山段16地號
QPPNMLTJOHHGFBF68DG,中山段19地號
QPPNMLTJOHHGFBF68DG,中山段23地號
QPPNMLTJOHHGFBF68DG,中山段29地號
QPPNMLTJOHHGFBF68DG,中山段17地號
QPPNMLKKOHHGFCF97DG,寶元段600地號
QPPNMLKKOHHGFCF97DG,寶元段601地號
QPPNMLKKOHHGFCF97DG,寶元段601-2地號
QPPNMLKKOHHGFCF97DG,寶元段602地號
QPPNMLKKOHHGFCF97DG,寶元段602-1地號
SPQNMLRKOHHGFBF88DG,信華段五小段79地號
SPQNMLRKOHHGFBF88DG,信華段五小段80地號
SPQNMLRKOHHGFBF88DG,信華段五小段81地號
SPQNMLRKOHHGFBF88DG,信華段五小段82-1地號
TPPNMLNLOHHGFGF09DG,光華段523地號
WPPNMLNLOHHGFEF09CG,望高樓段535地號
UPPNMLTLOHHGFEF86CG,福海段509地號
UPPNMLTLOHHGFEF86CG,福海段510地號
UPPNMLTLOHHGFEF86CG,福海段511地號
UPPNMLKMOHHGFGF88CG,五谷王段252地號
UPPNMLKMOHHGFGF88CG,五谷王段253地號
UPPNMLKMOHHGFGF88CG,五谷王段254地號
TPPNMLLJPHHGFHF78CG,景華段52地號
TPPNMLLJPHHGFHF78CG,景華段53地號
TPPNMLLJPHHGFHF78CG,景華段54地號
TPPNMLLJPHHGFHF78CG,景華段55地號
TPPNMLLJPHHGFHF78CG,景華段56地號
TPPNMLLJPHHGFHF78CG,景華段57地號
WPPNMLOJPHHGFCF88CG,新和段68地號
WPPNMLOJPHHGFCF88CG,新和段69地號
WPPNMLOJPHHGFCF88CG,新和段70地號
SPPNMLRJPHHGFAF68DG,新都段108地號
SPPNMLRJPHHGFAF68DG,新都段109地號
SPPNMLRJPHHGFAF68DG,新都段109-1地號
SPPNMLRJPHHGFAF68DG,新都段110地號
SPPNMLRJPHHGFAF68DG,新都段110-1地號
SPPNMLRJPHHGFAF68DG,新都段111地號
SPPNMLRJPHHGFAF68DG,新都段111-1地號
SPPNMLRJPHHGFAF68DG,新都段112地號
SPPNMLRJPHHGFGF56CG,三重段54地號
UPPNMLMKPHHGFGF98CG,五谷王段277地號
UPPNMLMKPHHGFGF98CG,五谷王段278地號
QPPNMLOKPHHGFDF58DG,厚德段223地號
QPPNMLOKPHHGFDF58DG,厚德段223-1地號
QPPNMLOKPHHGFDF58DG,厚德段224地號
QPPNMLOKPHHGFDF58DG,厚德段224-2地號
QPPNMLOKPHHGFDF58DG,厚德段225地號
QPPNMLOKPHHGFDF58DG,厚德段225-2地號
SPPNMLMLPHHGFBF38CG,新林段168地號
SPPNMLMLPHHGFBF38CG,新林段170地號
SPPNMLMLPHHGFBF38CG,新林段171地號
SPPNMLMLPHHGFBF38CG,新林段172地號
UPPNMLMLPHHGFGF09CG,五谷王段201地號
UPPNMLMLPHHGFGF09CG,五谷王段202地號
UPPNMLMLPHHGFGF09CG,五谷王段203地號
UPPNMLMLPHHGFGF09CG,五谷王段204地號
UPPNMLMLPHHGFGF09CG,五谷王段210地號
UPPNMLMLPHHGFGF09CG,五谷王段211地號
SPPNMLQLPHHGFGF66CG,三重段15地號
SPPNMLQLPHHGFGF66CG,三重段16地號
SPPNMLQLPHHGFGF66CG,三重段17地號
SPPNMLQLPHHGFGF66CG,三重段22地號
SPPNMLQLPHHGFGF66CG,三重段24地號
TPPNMLQLPHHGFBF98DG,中原段11地號
TPPNMLQLPHHGFBF98DG,中原段12地號
TPPNMLQLPHHGFBF98DG,中原段13地號
QPRNMLSLPHHGFAF98DG,成功段158地號
SPPNMLSLPHHGFCF09CG,斯馨段41地號
SPPNMLSLPHHGFCF09CG,斯馨段41-1地號
QPQNMLSLPHHGFAF88DG,成功段156地號
VPPNMLTLPHHGFHF37CG,南勢段21地號
VPPNMLTLPHHGFHF37CG,南勢段21-5地號
VPPNMLTLPHHGFHF37CG,南勢段22地號
VPPNMLTLPHHGFHF37CG,南勢段23地號
UPPNMLMJQHHGFAF38CG,頂福段495地號
UPPNMLMJQHHGFAF38CG,頂福段496地號
UPPNMLMJQHHGFAF38CG,頂福段497地號
UPPNMLMJQHHGFAF38CG,頂福段498地號
UPPNMLMJQHHGFAF38CG,頂福段501地號
UPPNMLMJQHHGFAF38CG,頂福段502地號
UPPNMLMJQHHGFAF38CG,頂福段128-10地號
QPQNMLNJQHHGFHF88CG,莊敬段531地號
QPQNMLNJQHHGFHF88CG,莊敬段544-1地號
QPQNMLNJQHHGFHF88CG,莊敬段545-1地號
QPQNMLNJQHHGFHF88CG,莊敬段546地號
QPQNMLNJQHHGFHF88CG,莊敬段547地號
QPQNMLNJQHHGFHF88CG,莊敬段548地號
QPQNMLNJQHHGFHF88CG,莊敬段549地號
QPQNMLNJQHHGFHF88CG,莊敬段550地號
QPQNMLNJQHHGFHF88CG,莊敬段551-1地號
QPQNMLNJQHHGFHF88CG,莊敬段532地號
QPQNMLNJQHHGFHF88CG,莊敬段534地號
QPQNMLNJQHHGFHF88CG,莊敬段536地號
QPQNMLNJQHHGFHF88CG,莊敬段539地號
QPQNMLNJQHHGFHF88CG,莊敬段540地號
QPQNMLNJQHHGFHF88CG,莊敬段541地號
QPQNMLNJQHHGFHF88CG,莊敬段542地號
QPQNMLNJQHHGFHF88CG,莊敬段543地號
TPPNMLSJQHHGFIF07CG,尖山腳段994-2地號
TPPNMLSJQHHGFIF07CG,尖山腳段995地號
TPPNMLSJQHHGFIF07CG,尖山腳段996地號
TPQNMLMKQHHGFBF68DG,成州段29地號
TPQNMLMKQHHGFBF68DG,成州段30地號
TPQNMLMKQHHGFBF68DG,成州段34地號
QPPNMLQKQHHGFBF58CG,新知段55-1地號
QPPNMLQKQHHGFBF58CG,新知段56地號
QPPNMLQKQHHGFBF58CG,新知段66地號
QPPNMLQKQHHGFBF58CG,新知段67地號
QPQNMLQKQHHGFEF09DG,龍米段1865地號
QPQNMLQKQHHGFEF09DG,龍米段1859地號
RPPNMLSKQHHGFAF78CG,明德段241地號
RPPNMLSKQHHGFAF78CG,明德段243地號
RPPNMLSKQHHGFAF78CG,明德段243-1地號
RPPNMLSKQHHGFAF78CG,明德段243-2地號
RPPNMLSKQHHGFAF78CG,明德段243-3地號
RPPNMLSKQHHGFAF78CG,明德段245地號
VQRNMLMLQHHGFBF56DG,成州段55地號
VQRNMLMLQHHGFBF56DG,成州段56地號
ZPPNMLPLQHHGFGF47DG,成功段932地號
ZPPNMLPLQHHGFGF47DG,成功段933地號
ZPPNMLPLQHHGFGF47DG,成功段934地號
TPRNMLLMQHHGFCF98DG,中正段842地號
TPRNMLLMQHHGFCF98DG,中正段841-1地號
TPRNMLLMQHHGFCF98DG,中正段841-2地號
TPRNMLLMQHHGFCF98DG,中正段842-1地號
TPRNMLLMQHHGFCF98DG,中正段843地號
QPPNMLLJRHHGFAF97CG,永福段31地號
WPPNMLPJRHHGFAF98CG,環翠段31地號
ZPPNMLOKRHHGFBF86DG,力行段1032地號
ZPPNMLOKRHHGFBF86DG,力行段1033地號
ZPPNMLOKRHHGFBF86DG,力行段1034地號
ZPPNMLOKRHHGFBF86DG,力行段1035地號
ZPPNMLOKRHHGFBF86DG,力行段1036地號
ZPPNMLOKRHHGFBF86DG,力行段1036-1地號
TPPNMLMLRHHGFCF78CG,安康段682-1地號
TPPNMLMLRHHGFCF78CG,安康段682-16地號
TPPNMLMLRHHGFCF78CG,安康段682-17地號
TPPNMLMLRHHGFCF78CG,安康段682-18地號
TPPNMLMLRHHGFCF78CG,安康段682-19地號
TPPNMLMLRHHGFCF78CG,安康段682-20地號
TPPNMLMLRHHGFCF78CG,安康段682-21地號
TPPNMLMLRHHGFCF78CG,安康段682-22地號
TPPNMLMLRHHGFCF78CG,安康段682-23地號
TPPNMLMLRHHGFCF78CG,安康段682-24地號
TPPNMLMLRHHGFCF78CG,安康段682-25地號
TPPNMLMLRHHGFCF78CG,安康段682-2地號
TPPNMLMLRHHGFCF78CG,安康段682-26地號
TPPNMLMLRHHGFCF78CG,安康段682-27地號
TPPNMLMLRHHGFCF78CG,安康段682-28地號
TPPNMLMLRHHGFCF78CG,安康段682-29地號
TPPNMLMLRHHGFCF78CG,安康段682-30地號
TPPNMLMLRHHGFCF78CG,安康段682-31地號
TPPNMLMLRHHGFCF78CG,安康段684地號
TPPNMLMLRHHGFCF78CG,安康段685地號
TPPNMLMLRHHGFCF78CG,安康段686地號
TPPNMLMLRHHGFCF78CG,安康段687地號
TPPNMLMLRHHGFCF78CG,安康段682-3地號
TPPNMLMLRHHGFCF78CG,安康段688地號
TPPNMLMLRHHGFCF78CG,安康段689地號
TPPNMLMLRHHGFCF78CG,安康段692地號
TPPNMLMLRHHGFCF78CG,安康段693地號
TPPNMLMLRHHGFCF78CG,安康段694地號
TPPNMLMLRHHGFCF78CG,安康段682-10地號
TPPNMLMLRHHGFCF78CG,安康段682-11地號
TPPNMLMLRHHGFCF78CG,安康段682-12地號
TPPNMLMLRHHGFCF78CG,安康段682-13地號
TPPNMLMLRHHGFCF78CG,安康段682-14地號
TPPNMLMLRHHGFCF78CG,安康段682-15地號
VPRNMLNLRHHGFHF17CG,圓通段266-2地號
VPRNMLNLRHHGFHF17CG,圓通段266-1地號
VPRNMLNLRHHGFHF17CG,圓通段333地號
VPRNMLNLRHHGFHF17CG,圓通段334地號
VPRNMLNLRHHGFHF17CG,圓通段337地號
VPRNMLNLRHHGFHF17CG,圓通段340-2地號
VPRNMLNLRHHGFHF17CG,圓通段340-4地號
VPRNMLNLRHHGFHF17CG,圓通段340-5地號
VPRNMLNLRHHGFHF17CG,圓通段348地號
QPPNMLNLRHHGFDF78DG,水源段1083地號
QPPNMLNLRHHGFDF78DG,水源段1094地號
QPPNMLNLRHHGFDF78DG,水源段1098地號
YPPNMLSLRHHGFEF47CG,新市段42地號
RRQNMLKMRHHGFGF66DG,中興段1442-6地號
RRQNMLKMRHHGFGF66DG,中興段1442-10地號
RRQNMLKMRHHGFGF66DG,中興段1461地號
RRQNMLKMRHHGFGF66DG,中興段1461-1地號
RRQNMLKMRHHGFGF66DG,中興段1462地號
WPQNMLOJIIHGFBF38DG,力行段622地號
RPPNMLOJIIHGFAF57CG,永福段47地號
RPPNMLOJIIHGFAF57CG,永福段48地號
QPPNMLPJIIHGFAF57CG,光華段256地號
SPPNMLPJIIHGFGF38CG,中興段797地號
SPPNMLPJIIHGFGF38CG,中興段810-2地號
SPPNMLPJIIHGFGF38CG,中興段913地號
SPPNMLPJIIHGFGF38CG,中興段913-1地號
SPPNMLPJIIHGFGF38CG,中興段803地號
SPPNMLPJIIHGFGF38CG,中興段803-2地號
SPPNMLPJIIHGFGF38CG,中興段804地號
SPPNMLPJIIHGFGF38CG,中興段804-2地號
SPPNMLPJIIHGFGF38CG,中興段805地號
SPPNMLPJIIHGFGF38CG,中興段805-2地號
SPPNMLPJIIHGFGF38CG,中興段807地號
SPPNMLPJIIHGFGF38CG,中興段810地號
TPPNMLRJIIHGFEF48CG,公司田段76地號
TPPNMLRJIIHGFEF48CG,公司田段77地號
QPPNMLRJIIHGFAF77CG,江翠段99-3地號
RPPNMLMKIIHGFDF77CG,金龍段599地號
RPPNMLMKIIHGFDF77CG,金龍段619地號
XPPNMLOKIIHGFHF98CG,民樂段8地號
XPPNMLOKIIHGFHF98CG,民樂段11地號
XPPNMLOKIIHGFHF98CG,民樂段15地號
XPPNMLOKIIHGFHF98CG,民樂段6地號
XPPNMLOKIIHGFHF98CG,民樂段9地號
XPPNMLOKIIHGFHF98CG,民樂段13地號
XPPNMLOKIIHGFHF98CG,民樂段7地號
XPPNMLOKIIHGFHF98CG,民樂段10地號
XPPNMLOKIIHGFHF98CG,民樂段14地號
WQSNMLKLIIHGFBF48DG,南林段476-1地號
TPQNMLKLIIHGFBF87DG,自立段986地號
TPQNMLKLIIHGFBF87DG,自立段993-1地號
TPQNMLKLIIHGFBF87DG,自立段987地號
TPQNMLKLIIHGFBF87DG,自立段988地號
TPQNMLKLIIHGFBF87DG,自立段989地號
TPQNMLKLIIHGFBF87DG,自立段990地號
TPQNMLKLIIHGFBF87DG,自立段991地號
TPQNMLKLIIHGFBF87DG,自立段992地號
TPQNMLKLIIHGFBF87DG,自立段992-1地號
TPQNMLKLIIHGFBF87DG,自立段993地號
UPPNMLLMIIHGFHF58CG,板南段620地號
SPQNMLLJJIHGFEF08DG,馬偕段129地號
SPQNMLLJJIHGFEF08DG,馬偕段53-9地號
SPQNMLLJJIHGFEF08DG,馬偕段96-2地號
SPQNMLLJJIHGFEF08DG,馬偕段148地號
SPQNMLLJJIHGFEF08DG,馬偕段93地號
SPPNMLNJJIHGFAF77DG,青雲段221地號
XPPNMLRJJIHGFDF98DG,北山段206地號
VPPNMLQKJIHGFCF58CG,安德段809地號
VPPNMLQKJIHGFCF58CG,安德段826地號
VPPNMLQKJIHGFCF58CG,安德段822地號
XPPNMLLLJIHGFBF38DG,成州段19地號
XPPNMLLLJIHGFBF38DG,成州段20地號
TPRNMLLLJIHGFAF08DG,文化段405地號
TPRNMLLLJIHGFAF08DG,文化段546-10地號
TPRNMLLLJIHGFAF08DG,文化段546-11地號
TPRNMLLLJIHGFAF08DG,文化段546-12地號
TPRNMLLLJIHGFAF08DG,文化段546-13地號
TPRNMLLLJIHGFAF08DG,文化段406地號
TPRNMLLLJIHGFAF08DG,文化段516地號
TPRNMLLLJIHGFAF08DG,文化段517地號
TPRNMLLLJIHGFAF08DG,文化段518地號
TPRNMLLLJIHGFAF08DG,文化段519地號
TPRNMLLLJIHGFAF08DG,文化段520地號
TPRNMLLLJIHGFAF08DG,文化段521地號
TPRNMLLLJIHGFAF08DG,文化段522地號
SPPNMLNLJIHGFIF68CG,昌福段154地號
SPPNMLNLJIHGFIF68CG,昌福段157地號
SPPNMLNLJIHGFIF68CG,昌福段160地號
RPPNMLTLJIHGFGF09DG,正義段613地號
RPPNMLTLJIHGFGF09DG,正義段614地號
RPPNMLKMJIHGFEF08DG,馬偕段409-1地號
RPPNMLKMJIHGFEF08DG,馬偕段409-2地號
RPPNMLKMJIHGFEF08DG,馬偕段411-1地號
RPPNMLKMJIHGFEF08DG,馬偕段434-3地號
RPPNMLKMJIHGFEF08DG,馬偕段434-6地號
RPPNMLKMJIHGFEF08DG,馬偕段434-8地號
RPPNMLKMJIHGFEF08DG,馬偕段434-9地號
SPUNMLMJKIHGFAF18CG,板翠段75地號
SPUNMLMJKIHGFAF18CG,板翠段76地號
SPUNMLMJKIHGFAF18CG,板翠段77地號
SPUNMLMJKIHGFAF18CG,板翠段89地號
SPUNMLMJKIHGFAF18CG,板翠段90地號
SPUNMLMJKIHGFAF18CG,板翠段91地號
SPUNMLMJKIHGFAF18CG,板翠段92-1地號
TPPNMLMJKIHGFAF87DG,永寧段166地號
ZPQNMLPJKIHGFHF96DG,景平段228-1地號
ZPQNMLPJKIHGFHF96DG,景平段244地號
ZPQNMLPJKIHGFHF96DG,景平段231地號
ZPQNMLPJKIHGFHF96DG,景平段232地號
ZPQNMLPJKIHGFHF96DG,景平段233地號
ZPQNMLPJKIHGFHF96DG,景平段234地號
ZPQNMLPJKIHGFHF96DG,景平段239地號
ZPQNMLPJKIHGFHF96DG,景平段240地號
ZPQNMLPJKIHGFHF96DG,景平段241地號
ZPQNMLPJKIHGFHF96DG,景平段242地號
XPQNMLPJKIHGFAF68DG,明德段328地號
XPQNMLPJKIHGFAF68DG,明德段330地號
XPQNMLPJKIHGFAF68DG,明德段331地號
XPQNMLPJKIHGFAF68DG,明德段333地號
UPPNMLRJKIHGFAF48DG,仁愛段7地號
UPPNMLRJKIHGFAF48DG,仁愛段8地號
UPPNMLRJKIHGFAF48DG,仁愛段9地號
UPPNMLRJKIHGFAF48DG,仁愛段10地號
UPPNMLRJKIHGFAF48DG,仁愛段12地號
UPPNMLRJKIHGFAF48DG,重慶段833地號
UPPNMLRJKIHGFAF48DG,重慶段834地號
TPPNMLTJKIHGFAF48CG,光仁段796-27地號
TPPNMLTJKIHGFAF48CG,光仁段848地號
TPPNMLTJKIHGFAF48CG,光仁段847地號
TPPNMLTJKIHGFAF48CG,光仁段850地號
TPPNMLTJKIHGFAF48CG,光仁段851地號
TPPNMLTJKIHGFAF48CG,光仁段840地號
TPPNMLTJKIHGFAF48CG,光仁段841地號
TPPNMLTJKIHGFAF48CG,光仁段842地號
TPPNMLTJKIHGFAF48CG,光仁段843地號
TPPNMLTJKIHGFAF48CG,光仁段844地號
TPPNMLTJKIHGFAF48CG,光仁段845地號
TPPNMLTJKIHGFAF48CG,光仁段846地號
TPPNMLTJKIHGFAF48CG,光仁段847地號
RPPNMLTKKIHGFAF38CG,清水段646地號
RPPNMLTKKIHGFAF38CG,清水段662地號
RPPNMLTKKIHGFAF38CG,清水段663地號
RPPNMLTKKIHGFAF38CG,清水段664地號
RPPNMLTKKIHGFAF38CG,清水段665地號
RPPNMLTKKIHGFAF38CG,清水段666地號
RPPNMLTKKIHGFAF38CG,清水段667地號
RPPNMLTKKIHGFAF38CG,清水段668地號
RPPNMLTKKIHGFAF38CG,清水段647地號
RPPNMLTKKIHGFAF38CG,清水段648地號
RPPNMLTKKIHGFAF38CG,清水段649地號
RPPNMLTKKIHGFAF38CG,清水段650地號
RPPNMLTKKIHGFAF38CG,清水段651地號
RPPNMLTKKIHGFAF38CG,清水段652地號
RPPNMLTKKIHGFAF38CG,清水段653地號
RPPNMLTKKIHGFAF38CG,清水段661地號
VPPNMLMLKIHGFCF38CG,中央段937地號
VPPNMLMLKIHGFCF38CG,中央段938地號
VPPNMLMLKIHGFCF38CG,中央段988地號
VPPNMLMLKIHGFCF38CG,中央段989地號
TPPNMLRLKIHGFGF56DG,福德南段387地號
TPPNMLRLKIHGFGF56DG,福德南段469地號
TPPNMLRLKIHGFGF56DG,福德南段470地號
TPPNMLRLKIHGFGF56DG,福德南段471地號
TPPNMLRLKIHGFGF56DG,福德南段472地號
TPPNMLRLKIHGFGF56DG,福德南段473地號
TPPNMLRLKIHGFGF56DG,福德南段474地號
TPPNMLRLKIHGFGF56DG,福德南段475地號
TPPNMLRLKIHGFGF56DG,福德南段476地號
TPPNMLRLKIHGFGF56DG,福德南段477地號
TPPNMLRLKIHGFGF56DG,福德南段388地號
TPPNMLRLKIHGFGF56DG,福德南段389地號
TPPNMLRLKIHGFGF56DG,福德南段390地號
TPPNMLRLKIHGFGF56DG,福德南段391地號
TPPNMLRLKIHGFGF56DG,福德南段396地號
TPPNMLRLKIHGFGF56DG,福德南段397地號
TPPNMLRLKIHGFGF56DG,福德南段398地號
TPPNMLRLKIHGFGF56DG,福德南段399地號
TPQNMLSLKIHGFHF86DG,南工段485地號
TPQNMLSLKIHGFHF86DG,南工段486地號
TPQNMLSLKIHGFHF86DG,南工段487地號
RQPNMLSLKIHGFAF58DG,重慶段5-2地號
QPPNMLKMKIHGFIF38CG,中園段649地號
QPPNMLKMKIHGFIF38CG,中園段650地號
QPPNMLKMKIHGFIF38CG,中園段654地號
UPPNMLLJJHIGFCF87CG,斯馨段88地號
VPPNMLRJJHIGFIF56CG,佳興段5-2地號
VPPNMLRJJHIGFIF56CG,佳興段5-11地號
VPPNMLRJJHIGFIF56CG,佳興段5-12地號
VPPNMLRJJHIGFIF56CG,佳興段5-13地號
VPPNMLRJJHIGFIF56CG,佳興段5-14地號
VPPNMLRJJHIGFIF56CG,佳興段5-15地號
VPPNMLRJJHIGFIF56CG,佳興段5-16地號
VPPNMLRJJHIGFIF56CG,佳興段5-17地號
VPPNMLRJJHIGFIF56CG,佳興段5-18地號
VPPNMLRJJHIGFIF56CG,佳興段5-19地號
VPPNMLRJJHIGFIF56CG,佳興段5-20地號
VPPNMLRJJHIGFIF56CG,佳興段5-3地號
VPPNMLRJJHIGFIF56CG,佳興段5-21地號
VPPNMLRJJHIGFIF56CG,佳興段5-22地號
VPPNMLRJJHIGFIF56CG,佳興段5-23地號
VPPNMLRJJHIGFIF56CG,佳興段5-24地號
VPPNMLRJJHIGFIF56CG,佳興段5-25地號
VPPNMLRJJHIGFIF56CG,佳興段5-26地號
VPPNMLRJJHIGFIF56CG,佳興段5-27地號
VPPNMLRJJHIGFIF56CG,佳興段5-28地號
VPPNMLRJJHIGFIF56CG,佳興段5-29地號
VPPNMLRJJHIGFIF56CG,佳興段5-30地號
VPPNMLRJJHIGFIF56CG,佳興段5-4地號
VPPNMLRJJHIGFIF56CG,佳興段5-31地號
VPPNMLRJJHIGFIF56CG,佳興段5-32地號
VPPNMLRJJHIGFIF56CG,佳興段5-33地號
VPPNMLRJJHIGFIF56CG,佳興段5-34地號
VPPNMLRJJHIGFIF56CG,佳興段5-35地號
VPPNMLRJJHIGFIF56CG,佳興段5-36地號
VPPNMLRJJHIGFIF56CG,佳興段5-37地號
VPPNMLRJJHIGFIF56CG,佳興段5-38地號
VPPNMLRJJHIGFIF56CG,佳興段5-39地號
VPPNMLRJJHIGFIF56CG,佳興段5-40地號
VPPNMLRJJHIGFIF56CG,佳興段5-5地號
VPPNMLRJJHIGFIF56CG,佳興段5-41地號
VPPNMLRJJHIGFIF56CG,佳興段5-42地號
VPPNMLRJJHIGFIF56CG,佳興段5-43地號
VPPNMLRJJHIGFIF56CG,佳興段5-44地號
VPPNMLRJJHIGFIF56CG,佳興段5-45地號
VPPNMLRJJHIGFIF56CG,佳興段5-46地號
VPPNMLRJJHIGFIF56CG,佳興段5-47地號
VPPNMLRJJHIGFIF56CG,佳興段5-48地號
VPPNMLRJJHIGFIF56CG,佳興段5-49地號
VPPNMLRJJHIGFIF56CG,佳興段5-50地號
VPPNMLRJJHIGFIF56CG,佳興段5-6地號
VPPNMLRJJHIGFIF56CG,佳興段5-51地號
VPPNMLRJJHIGFIF56CG,佳興段5-52地號
VPPNMLRJJHIGFIF56CG,佳興段5-53地號
VPPNMLRJJHIGFIF56CG,佳興段5-54地號
VPPNMLRJJHIGFIF56CG,佳興段5-55地號
VPPNMLRJJHIGFIF56CG,佳興段5-56地號
VPPNMLRJJHIGFIF56CG,佳興段5-57地號
VPPNMLRJJHIGFIF56CG,佳興段5-58地號
VPPNMLRJJHIGFIF56CG,佳興段5-59地號
VPPNMLRJJHIGFIF56CG,佳興段5-60地號
VPPNMLRJJHIGFIF56CG,佳興段5-7地號
VPPNMLRJJHIGFIF56CG,佳興段5-61地號
VPPNMLRJJHIGFIF56CG,佳興段5-62地號
VPPNMLRJJHIGFIF56CG,佳興段5-63地號
VPPNMLRJJHIGFIF56CG,佳興段5-64地號
VPPNMLRJJHIGFIF56CG,佳興段5-65地號
VPPNMLRJJHIGFIF56CG,佳興段5-66地號
VPPNMLRJJHIGFIF56CG,佳興段5-67地號
VPPNMLRJJHIGFIF56CG,佳興段5-68地號
VPPNMLRJJHIGFIF56CG,佳興段5-8地號
VPPNMLRJJHIGFIF56CG,佳興段5-9地號
VPPNMLRJJHIGFIF56CG,佳興段5-10地號
RPPNMLTJJHIGFEF58CG,海天段75地號
RPPNMLTJJHIGFEF58CG,海天段77地號
RPPNMLTJJHIGFEF58CG,海天段268地號
RPPNMLTJJHIGFEF58CG,海天段269地號
RPPNMLTJJHIGFEF58CG,海天段270地號
RPPNMLTJJHIGFEF58CG,海天段271-1地號
RPPNMLTJJHIGFEF58CG,海天段271-3地號
RPPNMLTJJHIGFEF58CG,海天段272地號
RPPNMLTJJHIGFEF58CG,海天段272-15地號
SPPNMLMKJHIGFAF77DG,新興段130-1地號
SPPNMLMKJHIGFAF77DG,新興段135地號
SPPNMLMKJHIGFAF77DG,新興段135-1地號
SPPNMLMKJHIGFAF77DG,新興段136地號
SPPNMLMKJHIGFAF77DG,新興段136-1地號
SPPNMLMKJHIGFAF77DG,新興段147地號
SPPNMLMKJHIGFAF77DG,新興段147-3地號
SPPNMLMKJHIGFAF77DG,新興段147-14地號
SPPNMLMKJHIGFAF77DG,新興段3-14地號
SPPNMLMKJHIGFAF77DG,新興段131地號
SPPNMLMKJHIGFAF77DG,新興段131-1地號
SPPNMLMKJHIGFAF77DG,新興段132地號
SPPNMLMKJHIGFAF77DG,新興段132-1地號
SPPNMLMKJHIGFAF77DG,新興段133地號
SPPNMLMKJHIGFAF77DG,新興段133-1地號
SPPNMLMKJHIGFAF77DG,新興段134地號
SPPNMLMKJHIGFAF77DG,新興段134-1地號
QPPNMLSKJHIGFBF18CG,中原段344地號
QPQNMLMJKHIGFBF67CG,力行段247地號
RPPNMLMJLHIGFEF08CG,竹圍段60地號
RPPNMLMJLHIGFEF08CG,竹圍段61地號
RPPNMLMJLHIGFEF08CG,竹圍段66地號
UPRNMLKKLHIGFAF18DG,永福段93地號
VPPNMLKKLHIGFBF18DG,信華段二小段28-2地號
VPPNMLKKLHIGFBF18DG,信華段一小段32地號
VPPNMLKKLHIGFBF18DG,信華段一小段34地號
VPPNMLKKLHIGFBF18DG,信華段一小段35地號
VPPNMLKKLHIGFBF18DG,信華段一小段24-1地號
VPPNMLKKLHIGFBF18DG,信華段一小段24-2地號
VPPNMLKKLHIGFBF18DG,信華段一小段24-3地號
VPPNMLKKLHIGFBF18DG,信華段一小段25-1地號
VPPNMLKKLHIGFBF18DG,信華段一小段25-2地號
VPPNMLKKLHIGFBF18DG,信華段一小段25-3地號
VPPNMLKKLHIGFBF18DG,信華段一小段30地號
VPPNMLKKLHIGFBF18DG,信華段一小段31地號
SPPNMLOKLHIGFBF18CG,麗林段912地號
XPPNMLLLLHIGFEF88DG,米蘭段481地號
XPPNMLLLLHIGFEF88DG,米蘭段483-1地號
XPPNMLLLLHIGFEF88DG,米蘭段483-3地號
XPPNMLLLLHIGFEF88DG,米蘭段483-7地號
SPPNMLNLLHIGFAF08CG,大安段743地號
UPQNMLOLLHIGFGF09CG,光興段257-2地號
UPQNMLOLLHIGFGF09CG,光興段258地號
UPQNMLOLLHIGFGF09CG,光興段258-2地號
UPQNMLOLLHIGFGF09CG,光興段259地號
UPQNMLOLLHIGFGF09CG,光興段259-1地號
TPPNMLTLLHIGFBF88CG,力行段872地號
TPPNMLTLLHIGFBF88CG,力行段883地號
TPPNMLQJMHIGFAF38CG,環翠段52-6地號
TPPNMLQJMHIGFAF38CG,環翠段52-8地號
TPPNMLQJMHIGFAF38CG,環翠段52-10地號
TPPNMLQJMHIGFAF38CG,環翠段69-1地號
TPPNMLQJMHIGFAF38CG,環翠段57地號
TPPNMLQJMHIGFAF38CG,環翠段70地號
TPPNMLQJMHIGFAF38CG,環翠段53地號
TPPNMLQJMHIGFAF38CG,環翠段65地號
TPPNMLQJMHIGFAF38CG,環翠段67地號
TPPNMLQJMHIGFAF38CG,環翠段52-9地號
TPPNMLQJMHIGFAF38CG,環翠段54地號
TPPNMLQJMHIGFAF38CG,環翠段66地號
TPPNMLQJMHIGFAF38CG,環翠段69地號
TPPNMLQJMHIGFAF38CG,環翠段72地號
TPPNMLQJMHIGFAF38CG,環翠段52-7地號
TPPNMLQJMHIGFAF38CG,環翠段68地號
TPPNMLQJMHIGFAF38CG,環翠段56地號
TPPNMLQJMHIGFAF38CG,環翠段71地號
TPPNMLQJMHIGFAF38CG,環翠段58地號
TPPNMLQJMHIGFAF38CG,環翠段55地號
TPPNMLQJMHIGFAF38CG,環翠段64地號
SQPNMLOKMHIGFAF38DG,新興段109地號
SQPNMLOKMHIGFAF38DG,新興段110地號
SQPNMLOKMHIGFAF38DG,新興段111地號
SQPNMLOKMHIGFAF38DG,新興段113地號
SQPNMLOKMHIGFAF38DG,新興段113-1地號
SQPNMLOKMHIGFAF38DG,新興段114地號
SQPNMLOKMHIGFAF38DG,新興段114-1地號
QPPNMLRKMHIGFBF48DG,新知段15地號
QPPNMLRKMHIGFBF48DG,新知段16地號
TPPNMLRKMHIGFGF56CG,三重段407地號
QPPNMLSKMHIGFGF98CG,中興段29地號
QPPNMLSKMHIGFGF98CG,中興段30地號
QPPNMLSKMHIGFGF98CG,中興段34地號
QPPNMLSKMHIGFGF98CG,中興段35地號
QPPNMLSKMHIGFGF98CG,中興段36地號
QPPNMLSKMHIGFGF98CG,中興段37地號
QPPNMLSKMHIGFGF98CG,中興段38地號
QPPNMLSKMHIGFGF98CG,中興段39地號
SPPNMLTKMHIGFEF56DG,坪頂段1463地號
SPPNMLTKMHIGFEF56DG,坪頂段1449地號
SPPNMLTKMHIGFEF56DG,坪頂段1469地號
VPPNMLLLMHIGFCF48CG,中正段971-2地號
VPPNMLLLMHIGFCF48CG,中正段1005地號
VPPNMLLLMHIGFCF48CG,中正段1006地號
VPPNMLLLMHIGFCF48CG,中正段1007地號
VPPNMLLLMHIGFCF48CG,中正段1008地號
VPPNMLLLMHIGFCF48CG,中正段985-2地號
VPPNMLLLMHIGFCF48CG,中正段985-3地號
VPPNMLLLMHIGFCF48CG,中正段999-1地號
VPPNMLLLMHIGFCF48CG,中正段1002-1地號
VPPNMLLLMHIGFCF48CG,中正段1007-1地號
VPPNMLLLMHIGFCF48CG,中正段1008-1地號
VPPNMLLLMHIGFCF48CG,中正段971-3地號
VPPNMLLLMHIGFCF48CG,中正段972地號
VPPNMLLLMHIGFCF48CG,中正段985地號
VPPNMLLLMHIGFCF48CG,中正段985-1地號
VPPNMLLLMHIGFCF48CG,中正段999地號
VPPNMLLLMHIGFCF48CG,中正段1002地號
VPPNMLLLMHIGFCF48CG,中正段1003地號
VPPNMLLLMHIGFCF48CG,中正段1004地號
QPSNMLLLMHIGFIF88CG,鳳鳴段208地號
QPPNMLOLMHIGFAF18DG,中華段482地號
QPPNMLPLMHIGFAF28DG,沛陂段106-2地號
VPPNMLQLMHIGFEF56CG,淡海段211地號
RPPNMLQLMHIGFBF48CG,信華段五小段25地號
RPPNMLQLMHIGFBF48CG,信華段五小段26地號
RPPNMLQLMHIGFBF48CG,信華段五小段27地號
RPPNMLRLMHIGFAF48CG,江翠段161地號
RPPNMLRLMHIGFAF48CG,江翠段162地號
RPPNMLRLMHIGFAF48CG,江翠段163地號
RPPNMLRLMHIGFAF48CG,江翠段165地號
UPPNMLSLMHIGFGF86CG,五谷王段137地號
UPPNMLSLMHIGFGF86CG,五谷王段146地號
UPPNMLSLMHIGFGF86CG,五谷王段147地號
UPPNMLSLMHIGFGF86CG,五谷王段148地號
UPPNMLSLMHIGFGF86CG,五谷王段194地號
UPPNMLSLMHIGFGF86CG,五谷王段195地號
UPPNMLSLMHIGFGF86CG,五谷王段138地號
UPPNMLSLMHIGFGF86CG,五谷王段139地號
UPPNMLSLMHIGFGF86CG,五谷王段140地號
UPPNMLSLMHIGFGF86CG,五谷王段141地號
UPPNMLSLMHIGFGF86CG,五谷王段142地號
UPPNMLSLMHIGFGF86CG,五谷王段143地號
UPPNMLSLMHIGFGF86CG,五谷王段144地號
UPPNMLSLMHIGFGF86CG,五谷王段145地號
QPPNMLSLMHIGFAF48CG,大觀段868-2地號
QPPNMLSLMHIGFAF48CG,大觀段871-2地號
SPPNMLMJNHIGFAF97CG,中山段642地號
SPPNMLMJNHIGFAF97CG,中山段665-1地號
SPPNMLMJNHIGFAF97CG,中山段634-3地號
SPPNMLMJNHIGFAF97CG,中山段643地號
SPPNMLMJNHIGFAF97CG,中山段645-1地號
SPPNMLMJNHIGFAF97CG,中山段650地號
SPPNMLMJNHIGFAF97CG,中山段654地號
SPPNMLMJNHIGFAF97CG,中山段656地號
SPPNMLMJNHIGFAF97CG,中山段658地號
SPPNMLMJNHIGFAF97CG,中山段660-1地號
SPPNMLMJNHIGFAF97CG,中山段662地號
SPPNMLMJNHIGFAF97CG,中山段645地號
SPPNMLMJNHIGFAF97CG,中山段664-1地號
SPPNMLMJNHIGFAF97CG,中山段666地號
SPPNMLMJNHIGFAF97CG,中山段641地號
SPPNMLMJNHIGFAF97CG,中山段644地號
SPPNMLMJNHIGFAF97CG,中山段649地號
SPPNMLMJNHIGFAF97CG,中山段652地號
SPPNMLMJNHIGFAF97CG,中山段655地號
SPPNMLMJNHIGFAF97CG,中山段656-1地號
SPPNMLMJNHIGFAF97CG,中山段659地號
SPPNMLMJNHIGFAF97CG,中山段661地號
SPPNMLMJNHIGFAF97CG,中山段649-1地號
SPPNMLMJNHIGFAF97CG,中山段663地號
SPPNMLMJNHIGFAF97CG,中山段665地號
SPPNMLMJNHIGFAF97CG,中山段667地號
SPPNMLMJNHIGFAF97CG,中山段653地號
SPPNMLMJNHIGFAF97CG,中山段655-1地號
SPPNMLMJNHIGFAF97CG,中山段657地號
SPPNMLMJNHIGFAF97CG,中山段660地號
SPPNMLMJNHIGFAF97CG,中山段661-1地號
SPPNMLMJNHIGFAF97CG,中山段664地號
QPPNMLNJNHIGFBF97CG,副都心段一小段60地號
QPPNMLNJNHIGFBF97CG,副都心段一小段60-1地號
QPPNMLNJNHIGFBF97CG,副都心段一小段60-2地號
QPPNMLNJNHIGFBF97CG,副都心段一小段61地號
QPPNMLNJNHIGFBF97CG,副都心段一小段63-2地號
VPPNMLNJNHIGFEF78CG,沙崙段531地號
VPPNMLNJNHIGFEF78CG,沙崙段532地號
VPPNMLNJNHIGFEF78CG,沙崙段533地號
VPPNMLNJNHIGFEF78CG,沙崙段534地號
VPPNMLNJNHIGFEF78CG,沙崙段535地號
UPPNMLPJNHIGFCF68CG,中央段569地號
UPPNMLPJNHIGFCF68CG,中央段570地號
RPPNMLPJNHIGFAF18CG,大安段729-2地號
RPPNMLPJNHIGFAF18CG,大安段731-8地號
RPPNMLPJNHIGFAF18CG,大安段733地號
RPPNMLPJNHIGFAF18CG,忠義段447地號
RPPNMLSJNHIGFBF58CG,力行段40地號
RPPNMLSJNHIGFBF58CG,力行段41地號
RPPNMLSJNHIGFBF58CG,力行段42地號
UPPNMLKKNHIGFEF48CG,天生段1329地號
UPPNMLKKNHIGFEF48CG,天生段1358地號
UPPNMLKKNHIGFEF48CG,天生段1359地號
TPRNMLLKNHIGFEF78DG,大義段919地號
TPRNMLLKNHIGFEF78DG,大義段920地號
TPRNMLLKNHIGFEF78DG,大義段921地號
SPQNMLPKNHIGFAF58DG,員仁段629-1地號
SPQNMLPKNHIGFAF58DG,員仁段606地號
SPQNMLPKNHIGFAF58DG,員仁段665地號
SPQNMLPKNHIGFAF58DG,員仁段603地號
SPQNMLPKNHIGFAF58DG,員仁段599地號
SPQNMLPKNHIGFAF58DG,員仁段588-3地號
RPPNMLPKNHIGFGF98DG,頂崁段632地號
RPPNMLPKNHIGFGF98DG,頂崁段633地號
RPPNMLPKNHIGFGF98DG,頂崁段634地號
RPPNMLPKNHIGFGF98DG,頂崁段635地號
UPPNMLQKNHIGFHF76CG,雙和段282地號
UPPNMLQKNHIGFHF76CG,雙和段283地號
UPPNMLQKNHIGFHF76CG,雙和段285地號
SPPNMLRKNHIGFHF66CG,長堤段242地號
SPPNMLRKNHIGFHF66CG,長堤段243地號
SPPNMLRKNHIGFHF66CG,長堤段244地號
SPPNMLRKNHIGFHF66CG,長堤段245地號
SPPNMLRKNHIGFHF66CG,長堤段246地號
SPPNMLRKNHIGFHF66CG,長堤段247地號
QPPNMLQLNHIGFGF09DG,五谷王段107地號
QPPNMLQLNHIGFGF09DG,五谷王段122地號
QPPNMLKMNHIGFHF68DG,中安段45地號
UPPNMLOJOHIGFGF56DG,三重段58地號
UPPNMLOJOHIGFGF56DG,三重段59地號
UPPNMLOJOHIGFGF56DG,三重段60地號
UPPNMLOJOHIGFGF56DG,三重段61地號
UPPNMLOJOHIGFGF56DG,三重段62地號
UPPNMLOJOHIGFGF56DG,三重段63地號
UPPNMLOJOHIGFGF56DG,三重段64地號
QPPNMLPJOHIGFAF28DG,海山段1269-1地號
QPPNMLPJOHIGFAF28DG,海山段1274地號
QPPNMLPJOHIGFAF28DG,海山段1274-1地號
QPPNMLPJOHIGFAF28DG,海山段1275地號
QPPNMLPJOHIGFAF28DG,海山段1278-2地號
QPPNMLPJOHIGFAF28DG,海山段1278-6地號
QPPNMLPJOHIGFAF28DG,海山段1278-7地號
QPPNMLPJOHIGFAF28DG,海山段1278-8地號
QPPNMLPJOHIGFAF28DG,海山段1278-9地號
QPPNMLPJOHIGFAF28DG,海山段1278-10地號
QPPNMLPJOHIGFAF28DG,海山段1844-32地號
QPPNMLPJOHIGFAF28DG,海山段1270地號
QPPNMLPJOHIGFAF28DG,海山段1844-33地號
QPPNMLPJOHIGFAF28DG,海山段1844-34地號
QPPNMLPJOHIGFAF28DG,海山段1844-35地號
QPPNMLPJOHIGFAF28DG,海山段1844-73地號
QPPNMLPJOHIGFAF28DG,海山段1270-1地號
QPPNMLPJOHIGFAF28DG,海山段1270-2地號
QPPNMLPJOHIGFAF28DG,海山段1271地號
QPPNMLPJOHIGFAF28DG,海山段1272地號
QPPNMLPJOHIGFAF28DG,海山段1272-1地號
QPPNMLPJOHIGFAF28DG,海山段1273地號
QPPNMLPJOHIGFAF28DG,海山段1273-1地號
RPPNMLOKOHIGFBF48DG,黎明段69-2地號
QPPNMLPKOHIGFGF98DG,三重段5地號
QPPNMLPKOHIGFGF98DG,三重段6地號
QPPNMLPKOHIGFGF98DG,三重段6-1地號
QPPNMLPKOHIGFGF98DG,三重段6-2地號
QPPNMLPKOHIGFGF98DG,三重段7地號
QPPNMLQLOHIGFBF68DG,力行段992地號
QPQNMLSLOHIGFBF88CG,登林段838地號
QPQNMLSLOHIGFBF88CG,登林段839地號
QPQNMLSLOHIGFBF88CG,登林段841地號
QPQNMLSLOHIGFBF88CG,登林段842-1地號
QPQNMLSLOHIGFBF88CG,登林段843-1地號
QPQNMLSLOHIGFBF88CG,登林段845-1地號
QPQNMLSLOHIGFBF88CG,登林段846-1地號
TPTNMLNJPHIGFGF76CG,五谷王段161地號
TPTNMLNJPHIGFGF76CG,五谷王段162地號
TPTNMLNJPHIGFGF76CG,五谷王段163地號
TPTNMLNJPHIGFGF76CG,五谷王段164地號
TPTNMLNJPHIGFGF76CG,五谷王段165地號
QPPNMLOJPHIGFAF28DG,明德段99地號
TPQNMLRJPHIGFAF98DG,明德段289地號
TPQNMLRJPHIGFAF98DG,明德段292地號
TPQNMLRJPHIGFAF98DG,明德段293地號
RPPNMLLKPHIGFHF78CG,安平段614地號
RPPNMLLKPHIGFHF78CG,安平段615地號
RPPNMLLKPHIGFHF78CG,安平段620地號
RPPNMLLKPHIGFHF78CG,安平段621-1地號
RPPNMLLKPHIGFHF78CG,安平段614-1地號
QPPNMLOKPHIGFGF88CG,新海段806地號
TPQNMLTKPHIGFBF76DG,文德段235-1地號
TPQNMLTKPHIGFBF76DG,文德段238地號
QPRNMLLLPHIGFBF38CG,建林段641地號
QPRNMLLLPHIGFBF38CG,建林段642地號
QPRNMLLLPHIGFBF38CG,建林段633-1地號
QPPNMLLLPHIGFHF88DG,華新段240地號
QPPNMLLLPHIGFHF88DG,華新段251地號
QPPNMLLLPHIGFHF88DG,華新段252地號
QPPNMLLLPHIGFHF88DG,華新段253地號
QPPNMLLLPHIGFHF88DG,華新段254地號
QPPNMLLLPHIGFHF88DG,華新段255地號
QPPNMLLLPHIGFHF88DG,華新段256地號
QPPNMLLLPHIGFHF88DG,華新段257地號
QPPNMLLLPHIGFHF88DG,華新段259地號
QPPNMLLLPHIGFHF88DG,華新段260地號
QPPNMLLLPHIGFHF88DG,華新段261地號
QPPNMLLLPHIGFHF88DG,華新段243地號
QPPNMLLLPHIGFHF88DG,華新段262地號
QPPNMLLLPHIGFHF88DG,華新段263地號
QPPNMLLLPHIGFHF88DG,華新段264地號
QPPNMLLLPHIGFHF88DG,華新段265地號
QPPNMLLLPHIGFHF88DG,華新段266地號
QPPNMLLLPHIGFHF88DG,華新段267地號
QPPNMLLLPHIGFHF88DG,華新段268地號
QPPNMLLLPHIGFHF88DG,華新段269地號
QPPNMLLLPHIGFHF88DG,華新段244地號
QPPNMLLLPHIGFHF88DG,華新段245地號
QPPNMLLLPHIGFHF88DG,華新段246地號
QPPNMLLLPHIGFHF88DG,華新段247地號
QPPNMLLLPHIGFHF88DG,華新段248地號
QPPNMLLLPHIGFHF88DG,華新段249地號
QPPNMLLLPHIGFHF88DG,華新段250地號
TPPNMLRLPHIGFGF96CG,三重段276地號
TPPNMLRLPHIGFGF96CG,三重段288地號
TPPNMLRLPHIGFGF96CG,三重段289地號
RPPNMLRJQHIGFGF66CG,三重段419地號
RPPNMLRJQHIGFGF66CG,三重段420地號
RPPNMLRJQHIGFGF66CG,成功段1430地號
SPQNMLKKQHIGFEF78DG,馬偕段135-4地號
SPQNMLKKQHIGFEF78DG,馬偕段135-7地號
SPQNMLKKQHIGFEF78DG,馬偕段136地號
QPPNMLQKQHIGFBF68CG,副都心段一小段141地號
QPPNMLQKQHIGFBF68CG,副都心段一小段142地號
QPPNMLOLQHIGFAF48CG,文化段994地號
QPPNMLOLQHIGFAF48CG,文化段1001地號
QPPNMLOLQHIGFAF48CG,文化段1002地號
QPPNMLOLQHIGFAF48CG,文化段1003地號
QPPNMLOLQHIGFAF48CG,文化段1004地號
QPPNMLOLQHIGFAF48CG,文化段1005地號
QPPNMLOLQHIGFAF48CG,文化段1006地號
QPPNMLOLQHIGFAF48CG,文化段1007地號
QPPNMLOLQHIGFAF48CG,文化段1008-2地號
QPPNMLPLQHIGFEF98CG,海鷗段764地號
QPPNMLPLQHIGFEF98CG,海鷗段765地號
QPPNMLPLQHIGFEF98CG,海鷗段766地號
QPPNMLPLQHIGFEF98CG,海鷗段767地號
QPPNMLPLQHIGFEF98CG,海鷗段773地號
QPPNMLPLQHIGFEF98CG,海鷗段773-1地號
SPQNMLKMQHIGFDF88DG,金龍段479地號
SPPNMLKMQHIGFEF88DG,望高樓段98地號
SPPNMLKMQHIGFEF88DG,望高樓段117-2地號
SPPNMLKMQHIGFEF88DG,望高樓段118地號
SPPNMLKMQHIGFEF88DG,望高樓段119-1地號
SPRNMLOJRHIGFBF98DG,信華段五小段4地號
SPRNMLOJRHIGFBF98DG,信華段三小段6地號
SPPNMLLKRHIGFCF68DG,安城段763-2地號
SPPNMLLKRHIGFCF68DG,安城段823地號
SPPNMLLKRHIGFCF68DG,安城段763-3地號
SPPNMLLKRHIGFCF68DG,安城段815地號
SPPNMLLKRHIGFCF68DG,安城段816地號
SPPNMLLKRHIGFCF68DG,安城段817地號
SPPNMLLKRHIGFCF68DG,安城段818地號
SPPNMLLKRHIGFCF68DG,安城段820地號
SPPNMLLKRHIGFCF68DG,安城段821地號
SPPNMLLKRHIGFCF68DG,安城段822地號
RPSNMLLKRHIGFBF68CG,副都心段六小段24地號
RPSNMLLKRHIGFBF68CG,副都心段六小段52地號
RPSNMLLKRHIGFBF68CG,副都心段六小段43地號
RPSNMLLKRHIGFBF68CG,副都心段六小段45地號
RPSNMLLKRHIGFBF68CG,副都心段六小段46地號
RPSNMLLKRHIGFBF68CG,副都心段六小段47地號
RPSNMLLKRHIGFBF68CG,副都心段六小段48地號
RPSNMLLKRHIGFBF68CG,副都心段六小段49地號
RPSNMLLKRHIGFBF68CG,副都心段六小段50地號
RPSNMLLKRHIGFBF68CG,副都心段六小段51地號
QPPNMLNKRHIGFGF98CG,成功段752地號
QPPNMLNKRHIGFGF98CG,成功段753地號
QPPNMLNKRHIGFGF98CG,成功段755地號
QPPNMLNKRHIGFGF98CG,成功段756地號
QPPNMLNKRHIGFGF98CG,成功段757地號
QPPNMLNKRHIGFGF98CG,成功段758地號
QPPNMLNKRHIGFEF88DG,馬偕段434地號
QPPNMLNKRHIGFEF88DG,馬偕段434-10地號
QPPNMLNKRHIGFEF88DG,馬偕段566地號
QPPNMLPKRHIGFGF56CG,成功段735-1地號
QPPNMLPKRHIGFGF56CG,成功段736地號
QPPNMLPKRHIGFGF56CG,成功段737地號
QPPNMLPKRHIGFGF56CG,成功段738地號
QPPNMLPKRHIGFGF56CG,成功段760地號
QPPNMLPKRHIGFGF56CG,成功段763地號
QPPNMLPKRHIGFGF56CG,成功段764地號
QPPNMLPKRHIGFAF68DG,運校段7-2地號
QPPNMLPKRHIGFAF68DG,運校段27-4地號
QPPNMLPKRHIGFAF68DG,運校段27-5地號
QPPNMLPKRHIGFAF68DG,運校段27-6地號
QPPNMLPKRHIGFAF68DG,運校段27-7地號
QPPNMLPKRHIGFAF68DG,運校段27-8地號
QPPNMLPKRHIGFAF68DG,運校段27-9地號
QPPNMLPKRHIGFAF68DG,運校段27-10地號
QPPNMLPKRHIGFAF68DG,運校段33地號
QPPNMLPKRHIGFAF68DG,運校段34地號
QPPNMLPKRHIGFAF68DG,運校段35地號
QPPNMLPKRHIGFAF68DG,運校段23地號
QPPNMLPKRHIGFAF68DG,運校段36地號
QPPNMLPKRHIGFAF68DG,運校段37地號
QPPNMLPKRHIGFAF68DG,運校段38地號
QPPNMLPKRHIGFAF68DG,運校段39地號
QPPNMLPKRHIGFAF68DG,運校段41地號
QPPNMLPKRHIGFAF68DG,運校段42地號
QPPNMLPKRHIGFAF68DG,運校段45-2地號
QPPNMLPKRHIGFAF68DG,運校段491地號
QPPNMLPKRHIGFAF68DG,運校段492地號
QPPNMLPKRHIGFAF68DG,運校段493地號
QPPNMLPKRHIGFAF68DG,運校段24地號
QPPNMLPKRHIGFAF68DG,運校段494地號
QPPNMLPKRHIGFAF68DG,運校段495地號
QPPNMLPKRHIGFAF68DG,運校段496地號
QPPNMLPKRHIGFAF68DG,運校段497地號
QPPNMLPKRHIGFAF68DG,運校段498地號
QPPNMLPKRHIGFAF68DG,運校段499地號
QPPNMLPKRHIGFAF68DG,運校段500地號
QPPNMLPKRHIGFAF68DG,運校段501地號
QPPNMLPKRHIGFAF68DG,運校段502地號
QPPNMLPKRHIGFAF68DG,運校段503地號
QPPNMLPKRHIGFAF68DG,運校段25地號
QPPNMLPKRHIGFAF68DG,運校段504地號
QPPNMLPKRHIGFAF68DG,運校段512地號
QPPNMLPKRHIGFAF68DG,運校段513地號
QPPNMLPKRHIGFAF68DG,運校段514地號
QPPNMLPKRHIGFAF68DG,運校段515地號
QPPNMLPKRHIGFAF68DG,沛陂段754-4地號
QPPNMLPKRHIGFAF68DG,沛陂段754-7地號
QPPNMLPKRHIGFAF68DG,運校段26地號
QPPNMLPKRHIGFAF68DG,運校段27地號
QPPNMLPKRHIGFAF68DG,運校段27-1地號
QPPNMLPKRHIGFAF68DG,運校段27-2地號
QPPNMLPKRHIGFAF68DG,運校段27-3地號
UPPNMLSKRHIGFGF37DG,中興段1441-1地號
UPPNMLSKRHIGFGF37DG,中興段1442-7地號
QPPNMLKLRHIGFCF48DG,中正段895-1地號
QPPNMLKLRHIGFCF48DG,中正段1066地號
QPPNMLKLRHIGFCF48DG,中正段1067地號
QPPNMLKLRHIGFCF48DG,中正段1068地號
QPPNMLKLRHIGFCF48DG,中正段1069地號
QPPNMLKLRHIGFCF48DG,中正段895-5地號
QPPNMLKLRHIGFCF48DG,中正段895-6地號
QPPNMLKLRHIGFCF48DG,中正段1059地號
QPPNMLKLRHIGFCF48DG,中正段1061地號
QPPNMLKLRHIGFCF48DG,中正段1062地號
QPPNMLKLRHIGFCF48DG,中正段1063地號
QPPNMLKLRHIGFCF48DG,中正段1064地號
QPPNMLKLRHIGFCF48DG,中正段1065地號
SPPNMLPLRHIGFHF07DG,國光段653地號
SPPNMLPLRHIGFHF07DG,國光段653-1地號
SPPNMLPLRHIGFHF07DG,國光段654地號
SPPNMLPLRHIGFHF07DG,國光段654-1地號
SPPNMLPLRHIGFHF07DG,國光段655地號
SPPNMLPLRHIGFHF07DG,國光段660地號
SPPNMLPLRHIGFHF07DG,國光段660-1地號
SPPNMLPLRHIGFHF07DG,國光段661地號
TPQNMLPLRHIGFAF56DG,明德段236地號
TPQNMLPLRHIGFAF56DG,明德段238地號
TPPNMLQLRHIGFBF56CG,副都心段一小段103地號
TPPNMLQLRHIGFBF56CG,副都心段一小段104地號
QPPNMLRLRHIGFCF09CG,香坡段309地號
QPPNMLRLRHIGFCF09CG,安城段996地號
QPPNMLRLRHIGFCF09CG,安城段997-2地號
QPPNMLRLRHIGFCF09CG,香坡段312地號
QPPNMLRLRHIGFCF09CG,香坡段313-2地號
QPPNMLRLRHIGFCF09CG,安城段922-3地號
QPPNMLRLRHIGFCF09CG,安城段990-1地號
QPPNMLRLRHIGFCF09CG,安城段991地號
QPPNMLRLRHIGFCF09CG,安城段992地號
QPPNMLRLRHIGFCF09CG,安城段993地號
QPPNMLRLRHIGFCF09CG,安城段994-1地號
QPPNMLSLRHIGFBF09CG,力行段168地號
QPPNMLOJIIIGFBF67CG,新林段1100地號
RPQNMLOJIIIGFGF38CG,德新段241地號
QPPNMLOJIIIGFDF87CG,水源段1068地號
QPPNMLOJIIIGFDF87CG,水源段1073地號
QPPNMLOJIIIGFDF87CG,水源段1077-1地號
QPPNMLOJIIIGFDF87CG,水源段1078地號
QPPNMLOJIIIGFDF87CG,水源段1079地號
QPPNMLOJIIIGFDF87CG,水源段1072-1地號
QPPNMLPJIIIGFBF87DG,信華段五小段66地號
QPPNMLQJIIIGFCF97CG,錦秀段781地號
QPPNMLQJIIIGFCF97CG,錦秀段788地號
QPPNMLQJIIIGFCF97CG,錦秀段790地號
QPPNMLQJIIIGFCF97CG,錦秀段792地號
QPPNMLQJIIIGFCF97CG,錦秀段800地號
QPPNMLQJIIIGFCF97CG,錦秀段801地號
SPPNMLLKIIIGFAF67DG,江子翠段第三崁小段163-3地號
SPPNMLLKIIIGFAF67DG,江子翠段第三崁小段163-4地號
SPPNMLLKIIIGFAF67DG,江子翠段第三崁小段163-5地號
SPPNMLLKIIIGFAF67DG,江子翠段大埔尾小段104-1地號
SPPNMLLKIIIGFAF67DG,江子翠段大埔尾小段104-2地號
QPPNMLOLIIIGFCF97CG,中正段170地號
QPPNMLOLIIIGFCF97CG,中正段171地號
QPPNMLOLIIIGFCF97CG,中正段172地號
QPPNMLOLIIIGFCF97CG,中正段173地號
QPPNMLOLIIIGFCF97CG,中正段174地號
TPQNMLQLIIIGFCF68DG,安康段1610-3地號
QPPNMLSJJIIGFEF58DG,大義段924地號
QPPNMLSJJIIGFEF58DG,大義段925地號
QPPNMLSJJIIGFEF58DG,大義段424地號
QPQNMLTJJIIGFGF88CG,正義段17地號
QPQNMLTJJIIGFGF88CG,正義段18地號
QPQNMLTJJIIGFGF88CG,正義段19-1地號
QPQNMLTJJIIGFGF88CG,正義段91地號
QPQNMLNKJIIGFAF77CG,民生段76地號
QPQNMLNKJIIGFAF77CG,民生段76-1地號
RPPNMLMLJIIGFHF58DG,信義段426地號
RPPNMLMLJIIGFHF58DG,信義段500地號
RPPNMLMLJIIGFHF58DG,信義段503地號
RPPNMLMLJIIGFHF58DG,信義段512-1地號
RPPNMLMLJIIGFHF58DG,信義段423地號
RPPNMLMLJIIGFHF58DG,信義段427地號
RPPNMLMLJIIGFHF58DG,信義段430地號
RPPNMLMLJIIGFHF58DG,信義段433地號
RPPNMLMLJIIGFHF58DG,信義段436地號
RPPNMLMLJIIGFHF58DG,信義段470-4地號
RPPNMLMLJIIGFHF58DG,信義段488地號
RPPNMLMLJIIGFHF58DG,信義段429地號
RPPNMLMLJIIGFHF58DG,信義段491地號
RPPNMLMLJIIGFHF58DG,信義段494地號
RPPNMLMLJIIGFHF58DG,信義段498地號
RPPNMLMLJIIGFHF58DG,信義段501地號
RPPNMLMLJIIGFHF58DG,信義段511地號
RPPNMLMLJIIGFHF58DG,信義段513-1地號
RPPNMLMLJIIGFHF58DG,信義段424地號
RPPNMLMLJIIGFHF58DG,信義段428地號
RPPNMLMLJIIGFHF58DG,信義段431地號
RPPNMLMLJIIGFHF58DG,信義段434地號
RPPNMLMLJIIGFHF58DG,信義段432地號
RPPNMLMLJIIGFHF58DG,信義段470-1地號
RPPNMLMLJIIGFHF58DG,信義段470-6地號
RPPNMLMLJIIGFHF58DG,信義段489地號
RPPNMLMLJIIGFHF58DG,信義段492地號
RPPNMLMLJIIGFHF58DG,信義段496地號
RPPNMLMLJIIGFHF58DG,信義段499地號
RPPNMLMLJIIGFHF58DG,信義段502地號
RPPNMLMLJIIGFHF58DG,信義段512地號
RPPNMLMLJIIGFHF58DG,信義段514-1地號
RPPNMLMLJIIGFHF58DG,信義段435地號
RPPNMLMLJIIGFHF58DG,信義段470-2地號
RPPNMLMLJIIGFHF58DG,信義段487地號
RPPNMLMLJIIGFHF58DG,信義段490地號
RPPNMLMLJIIGFHF58DG,信義段493地號
RPPNMLMLJIIGFHF58DG,信義段497地號
TPPNMLMLJIIGFGF58CG,成功段664-1地號
TPPNMLMLJIIGFGF58CG,成功段667地號
TPPNMLMLJIIGFGF58CG,成功段667-1地號
TPPNMLTLJIIGFCF88CG,中央段1223-1地號
QPQNMLLJKIIGFAF67DG,介壽段1062地號
QPQNMLLJKIIGFAF67DG,介壽段1107地號
QPQNMLLJKIIGFAF67DG,介壽段1108地號
QPQNMLLJKIIGFAF67DG,介壽段1109地號
QPQNMLLJKIIGFAF67DG,介壽段1106-1地號
QPQNMLLJKIIGFAF67DG,介壽段1061-1地號
QPQNMLLJKIIGFAF67DG,介壽段1069-1地號
QPQNMLLJKIIGFAF67DG,介壽段1109-1地號
QPQNMLLJKIIGFAF67DG,介壽段1107-1地號
QPQNMLLJKIIGFAF67DG,介壽段1108-1地號
QPQNMLLJKIIGFAF67DG,介壽段1063地號
QPQNMLLJKIIGFAF67DG,介壽段1064地號
QPQNMLLJKIIGFAF67DG,介壽段1065地號
QPQNMLLJKIIGFAF67DG,介壽段1066地號
QPQNMLLJKIIGFAF67DG,介壽段1067地號
QPQNMLLJKIIGFAF67DG,介壽段1068地號
QPQNMLLJKIIGFAF67DG,介壽段1069地號
QPQNMLLJKIIGFAF67DG,介壽段1106地號
SPPNMLLJKIIGFAF67CG,海山段1741地號
SPPNMLLJKIIGFAF67CG,海山段1742地號
SPPNMLLJKIIGFAF67CG,海山段1743地號
SPPNMLLJKIIGFAF67CG,海山段1744地號
QPPNMLLKKIIGFEF97CG,海天段68地號
QPPNMLLKKIIGFEF97CG,海天段71-5地號
QPPNMLLKKIIGFEF97CG,海天段72地號
QPPNMLLKKIIGFEF97CG,海天段72-7地號
QPPNMLLKKIIGFEF97CG,海天段73-4地號
QPPNMLLKKIIGFEF97CG,海天段73-6地號
RPPNMLTKKIIGFAF48CG,明德段12地號
RPPNMLTKKIIGFAF48CG,明德段12-1地號
RPPNMLTKKIIGFAF48CG,明德段13地號
RPPNMLTKKIIGFAF48CG,明德段13-1地號
QPPNMLKLKIIGFGF18CG,五谷王段311地號
QPPNMLKLKIIGFGF18CG,五谷王段321地號
QPPNMLKLKIIGFGF18CG,五谷王段312地號
QPPNMLKLKIIGFGF18CG,五谷王段313地號
QPPNMLKLKIIGFGF18CG,五谷王段314地號
QPPNMLKLKIIGFGF18CG,五谷王段315地號
QPPNMLKLKIIGFGF18CG,五谷王段316地號
QPPNMLKLKIIGFGF18CG,五谷王段317地號
QPPNMLKLKIIGFGF18CG,五谷王段318地號
QPPNMLKLKIIGFGF18CG,五谷王段319地號
RPRNMLMLKIIGFIF98DG,鳳鳴段290-2地號
RPRNMLMLKIIGFIF98DG,鳳鳴段290-5地號
RPRNMLMLKIIGFIF98DG,鳳鳴段290-6地號
RPRNMLMLKIIGFIF98DG,鳳鳴段290-7地號
TPPNMLMJJHJGFGF38CG,永安段1102-2地號
QPPNMLPJJHJGFBF97DG,力行段175地號
QPPNMLPJJHJGFBF97DG,力行段176地號
QPPNMLPJJHJGFBF97DG,力行段177地號
QPPNMLPJJHJGFBF97DG,力行段222地號
QPPNMLPJJHJGFBF97DG,力行段223地號
QPPNMLPJJHJGFBF97DG,力行段223-1地號
QPPNMLPJJHJGFBF97DG,力行段223-2地號
QPPNMLPJJHJGFBF97DG,力行段225地號
QPPNMLPJJHJGFBF97DG,力行段227地號
QPPNMLTJJHJGFBF38DG,力行段175地號
QPPNMLTJJHJGFBF38DG,力行段176地號
QPPNMLTJJHJGFBF38DG,力行段177地號
QPPNMLTJJHJGFBF38DG,力行段222地號
QPPNMLTJJHJGFBF38DG,力行段223地號
QPPNMLTJJHJGFBF38DG,力行段223-1地號
QPPNMLTJJHJGFBF38DG,力行段223-2地號
QPPNMLTJJHJGFBF38DG,力行段225地號
QPPNMLTJJHJGFBF38DG,力行段227地號
QPPNMLPLJHJGFAF97CG,江子翠段第二崁小段156-31地號
QPPNMLPLJHJGFAF97CG,江子翠段第二崁小段156-32地號
TPPNMLLMJHJGFBF18DG,副都心段一小段231地號
TPPNMLLMJHJGFBF18DG,副都心段一小段242地號
SPPNMLLMJHJGFAF87CG,中正段433地號
ZPPNMLPJKHJGFBF98DG,成蘆段959-2地號
ZPPNMLPJKHJGFBF98DG,成蘆段960地號
UPPNMLQJKHJGFGF98CG,過田段901地號
UPPNMLQJKHJGFGF98CG,過田段923-1地號
UPPNMLQJKHJGFGF98CG,過田段924地號
UPPNMLQJKHJGFGF98CG,過田段924-1地號
UPPNMLQJKHJGFGF98CG,過田段902地號
UPPNMLQJKHJGFGF98CG,過田段903地號
UPPNMLQJKHJGFGF98CG,過田段904地號
UPPNMLQJKHJGFGF98CG,過田段919地號
UPPNMLQJKHJGFGF98CG,過田段920地號
UPPNMLQJKHJGFGF98CG,過田段921地號
UPPNMLQJKHJGFGF98CG,過田段922地號
UPPNMLQJKHJGFGF98CG,過田段923地號
QPQNMLLLKHJGFBF87CG,力行段1271地號
UPUNMLRLKHJGFGF27DG,富貴段722地號
UPUNMLRLKHJGFGF27DG,富貴段723地號
QPPNMLQJLHJGFGF78DG,光華段1389地號
SPPNMLRJLHJGFBF58DG,明志段159-2地號
RPPNMLSJLHJGFBF58DG,建林段445地號
RPPNMLSJLHJGFBF58DG,建林段447地號
RPPNMLSJLHJGFBF58DG,麗林段448地號
RPPNMLSJLHJGFBF58DG,建林段449地號
RPPNMLSJLHJGFBF58DG,建林段450地號
ZPQNMLLKLHJGFGF76DG,三重段68地號
ZPQNMLLKLHJGFGF76DG,三重段77地號
ZPQNMLLKLHJGFGF76DG,三重段80地號
ZPQNMLLKLHJGFGF76DG,三重段68-1地號
ZPQNMLLKLHJGFGF76DG,三重段70地號
ZPQNMLLKLHJGFGF76DG,三重段73-1地號
ZPQNMLLKLHJGFGF76DG,三重段75地號
ZPQNMLLKLHJGFGF76DG,三重段78地號
ZPQNMLLKLHJGFGF76DG,三重段71地號
ZPQNMLLKLHJGFGF76DG,三重段73地號
ZPQNMLLKLHJGFGF76DG,三重段76地號
ZPQNMLLKLHJGFGF76DG,三重段79地號
ZPQNMLLKLHJGFGF76DG,三重段67地號
ZPQNMLLKLHJGFGF76DG,三重段69地號
ZPQNMLLKLHJGFGF76DG,三重段72地號
ZPQNMLLKLHJGFGF76DG,三重段74地號
YPPNMLLKLHJGFGF56DG,三重段84-1地號
YPPNMLLKLHJGFGF56DG,大有段1258地號
YPPNMLLKLHJGFGF56DG,三重段83地號
YPPNMLLKLHJGFGF56DG,三重段85地號
YPPNMLLKLHJGFGF56DG,三重段84地號
YPPNMLLKLHJGFGF56DG,三重段86地號
YPPNMLLKLHJGFGF56DG,大有段1257地號
YPPNMLLKLHJGFGF56DG,大有段1241地號
YPPNMLLKLHJGFGF56DG,大有段1259地號
YPPNMLLKLHJGFGF56DG,大有段1240地號
TPPNMLMKLHJGFGF78DG,大同南段1317地號
QPPNMLPKLHJGFGF68CG,五谷王段110地號
QPPNMLPKLHJGFGF68CG,五谷王段111地號
QPPNMLPKLHJGFGF68CG,五谷王段112地號
QPPNMLPKLHJGFGF68CG,五谷王段113地號
QPPNMLPKLHJGFGF68CG,五谷王段114地號
QPPNMLPKLHJGFGF68CG,五谷王段115地號
QPPNMLPKLHJGFAF08CG,新雅段1154-1地號
QPPNMLPKLHJGFAF08CG,新雅段1154-5地號
QPPNMLTKLHJGFGF09CG,田安段221地號
QPPNMLTKLHJGFGF09CG,田安段222地號
QPPNMLTKLHJGFGF09CG,田安段223地號
QPPNMLTKLHJGFGF09CG,田安段224地號
QPPNMLTKLHJGFGF09CG,田安段225地號
QPPNMLKLLHJGFHF38CG,板南段622地號
QPPNMLLLLHJGFAF77CG,江翠段183地號
QPPNMLLLLHJGFAF77CG,江翠段184-1地號
QPPNMLLLLHJGFAF77CG,江翠段185地號
QPPNMLPLLHJGFEF58CG,馬偕段87-2地號
QPPNMLPLLHJGFEF58CG,馬偕段88地號
QPPNMLPLLHJGFEF58CG,馬偕段132-1地號
QPPNMLPLLHJGFEF58CG,馬偕段133-2地號
QPPNMLPLLHJGFEF58CG,馬偕段231地號
QPPNMLPLLHJGFEF58CG,馬偕段81地號
QPPNMLPLLHJGFEF58CG,馬偕段77地號
XPPNMLPLLHJGFAF88CG,永福段100地號
XPPNMLPLLHJGFAF88CG,永福段101地號
XPPNMLPLLHJGFAF88CG,永福段102地號
QPPNMLPLLHJGFBF28CG,芳洲段106地號
QPPNMLPLLHJGFBF28CG,芳洲段107地號
QPPNMLPLLHJGFBF28CG,芳洲段107-1地號
QPPNMLPLLHJGFBF28CG,芳洲段107-2地號
QPPNMLPLLHJGFBF28CG,芳洲段107-3地號
QPPNMLPLLHJGFBF28CG,芳洲段111地號
QPPNMLPLLHJGFBF28CG,芳洲段112地號
VPPNMLQLLHJGFAF78CG,大安段505地號
VPPNMLQLLHJGFAF78CG,大安段506地號
QPPNMLMKMHJGFBF97CG,文德段653地號
QPPNMLMKMHJGFBF97CG,文德段654地號
QPQNMLPKMHJGFAF28CG,江子翠段溪頭小段243-115地號
QPQNMLPKMHJGFAF28CG,江子翠段溪頭小段243-122地號
QPQNMLPKMHJGFAF28CG,江子翠段溪頭小段243-50地號
QPQNMLPKMHJGFAF28CG,江子翠段溪頭小段83-3地號
QPQNMLPKMHJGFAF28CG,江子翠段溪頭小段95-4地號
QPQNMLPKMHJGFAF28CG,江子翠段溪頭小段96-1地號
QPPNMLRKMHJGFGF09DG,三重段118地號
QPPNMLRKMHJGFGF09DG,三重段119地號
QPPNMLRKMHJGFGF09DG,二重段387地號
QPPNMLTKMHJGFGF56CG,中興段58地號
QPPNMLTKMHJGFGF56CG,中興段108-1地號
QPPNMLTKMHJGFGF56CG,中興段133地號
QPPNMLTKMHJGFGF56CG,中興段134地號
QPPNMLTKMHJGFGF56CG,中興段137地號
QPPNMLTKMHJGFGF56CG,中興段138地號
QPPNMLTKMHJGFGF56CG,中興段141地號
QPPNMLTKMHJGFGF56CG,中興段142地號
QPPNMLTKMHJGFGF56CG,中興段145地號
QPPNMLTKMHJGFGF56CG,中興段146地號
QPPNMLTKMHJGFGF56CG,中興段149地號
QPPNMLTKMHJGFGF56CG,中興段86地號
QPPNMLTKMHJGFGF56CG,中興段150地號
QPPNMLTKMHJGFGF56CG,中興段153地號
QPPNMLTKMHJGFGF56CG,中興段158地號
QPPNMLTKMHJGFGF56CG,中興段158-1地號
QPPNMLTKMHJGFGF56CG,中興段175地號
QPPNMLTKMHJGFGF56CG,中興段176地號
QPPNMLTKMHJGFGF56CG,中興段87地號
QPPNMLTKMHJGFGF56CG,中興段88地號
QPPNMLTKMHJGFGF56CG,中興段89地號
QPPNMLTKMHJGFGF56CG,中興段103地號
QPPNMLTKMHJGFGF56CG,中興段107地號
QPPNMLTKMHJGFGF56CG,中興段107-1地號
QPPNMLTKMHJGFGF56CG,中興段108地號
SPPNMLTKMHJGFHF86CG,健康段481-1地號
SPPNMLTKMHJGFHF86CG,健康段578地號
SPPNMLTKMHJGFHF86CG,健康段579地號
SPPNMLTKMHJGFHF86CG,健康段580地號
SPPNMLTKMHJGFHF86CG,健康段513地號
SPPNMLTKMHJGFHF86CG,健康段570地號
SPPNMLTKMHJGFHF86CG,健康段571地號
SPPNMLTKMHJGFHF86CG,健康段573地號
SPPNMLTKMHJGFHF86CG,健康段574地號
SPPNMLTKMHJGFHF86CG,健康段575地號
SPPNMLTKMHJGFHF86CG,健康段576地號
SPPNMLTKMHJGFHF86CG,健康段577地號
QPPNMLTKMHJGFIF76CG,佳興段8-1地號
QPPNMLTKMHJGFIF76CG,佳興段9-2地號
QPPNMLTKMHJGFIF76CG,溪東段740地號
QPPNMLTKMHJGFIF76CG,溪東段813地號
QPPNMLTKMHJGFIF76CG,溪東段814地號
QPPNMLTKMHJGFIF76CG,溪東段815地號
QPPNMLMLMHJGFAF97CG,永和段259地號
QPQNMLPLMHJGFGF98CG,保和段406地號
QPQNMLPLMHJGFGF98CG,保和段407地號
QPQNMLPLMHJGFGF98CG,保和段407-1地號
QPQNMLPLMHJGFGF98CG,保和段408地號
QPQNMLPLMHJGFGF98CG,保和段408-2地號
QPQNMLPLMHJGFGF98CG,保和段416地號
QPPNMLQLMHJGFIF56CG,中華段146地號
QPPNMLQLMHJGFIF56CG,中華段147地號
QPPNMLNJNHJGFHF68CG,中原段259地號
QPPNMLNJNHJGFHF68CG,中原段271地號
QPPNMLNJNHJGFHF68CG,中原段272地號
QPPNMLNJNHJGFHF68CG,中原段260地號
QPPNMLNJNHJGFHF68CG,中原段261地號
QPPNMLNJNHJGFHF68CG,中原段262地號
QPPNMLNJNHJGFHF68CG,中原段266地號
QPPNMLNJNHJGFHF68CG,中原段267地號
QPPNMLNJNHJGFHF68CG,中原段268地號
QPPNMLNJNHJGFHF68CG,中原段269地號
QPPNMLNJNHJGFHF68CG,中原段270地號
QPPNMLNJNHJGFGF58CG,仁興段2375-1地號
QPPNMLNJNHJGFGF58CG,仁興段2405地號
QPQNMLSJNHJGFAF68DG,江翠段3地號
QPQNMLSJNHJGFAF68DG,江翠段4地號
QPQNMLSJNHJGFAF68DG,江翠段5地號
QPQNMLSJNHJGFAF68DG,江翠段5-1地號
QPQNMLPKNHJGFHF56DG,員山段99地號
QPQNMLPKNHJGFHF56DG,員山段100地號
QPQNMLPKNHJGFHF56DG,員山段101地號
QPQNMLPKNHJGFHF56DG,員山段102地號
QPPNMLPKNHJGFAF38DG,明德段241地號
QPPNMLPKNHJGFAF38DG,明德段243地號
QPPNMLPKNHJGFAF38DG,明德段243-1地號
QPPNMLPKNHJGFAF38DG,明德段243-2地號
QPPNMLPKNHJGFAF38DG,明德段243-3地號
QPPNMLPKNHJGFAF38DG,明德段245地號
QPPNMLRKNHJGFAF48CG,亞東段1-23地號
QPPNMLRKNHJGFAF48CG,亞東段96地號
QPPNMLRKNHJGFAF48CG,亞東段97地號
QPPNMLRKNHJGFAF48CG,亞東段98-1地號
QPPNMLRKNHJGFAF48CG,亞東段99-13地號
QPPNMLRKNHJGFAF48CG,亞東段99-16地號
QPPNMLRKNHJGFAF48CG,亞東段1-24地號
QPPNMLRKNHJGFAF48CG,亞東段1-25地號
QPPNMLRKNHJGFAF48CG,亞東段79地號
QPPNMLRKNHJGFAF48CG,亞東段79-2地號
QPPNMLRKNHJGFAF48CG,亞東段80-1地號
QPPNMLRKNHJGFAF48CG,亞東段93地號
QPPNMLRKNHJGFAF48CG,亞東段94地號
QPPNMLRKNHJGFAF48CG,亞東段95地號
RPPNMLLLNHJGFHF78CG,國光段346地號
RPPNMLLLNHJGFHF78CG,國光段347地號
RPPNMLLLNHJGFHF78CG,國光段350地號
RPPNMLLLNHJGFHF78CG,國光段351地號
RPPNMLLLNHJGFAF08CG,新都段90-1地號
RPPNMLLLNHJGFAF08CG,新都段91地號
RPPNMLLLNHJGFAF08CG,新都段91-1地號
RPPNMLLLNHJGFAF08CG,新都段92地號
RPPNMLLLNHJGFAF08CG,新都段93地號
YPPNMLMLNHJGFBF09DG,力行段1029地號
YPPNMLMLNHJGFBF09DG,力行段1030地號
YPPNMLMLNHJGFBF09DG,力行段1046地號
YPPNMLMLNHJGFBF09DG,力行段1047地號
RPPNMLQJOHJGFBF58CG,新林段287地號
RPPNMLQJOHJGFBF58CG,新林段288地號
SPPNMLLKOHJGFDF58DG,白雲段25地號
SPPNMLLKOHJGFDF58DG,白雲段26地號
SPPNMLLKOHJGFDF58DG,白雲段27地號
SPPNMLLKOHJGFDF58DG,白雲段28地號
SPPNMLLKOHJGFDF58DG,白雲段1704地號
SPPNMLLKOHJGFDF58DG,白雲段1705地號
RPQNMLMKOHJGFIF56DG,三龍段464-10地號
RPQNMLMKOHJGFIF56DG,三龍段464-11地號
RPQNMLMKOHJGFIF56DG,三龍段464-12地號
RPQNMLMKOHJGFIF56DG,三龍段464-13地號
QPPNMLMKOHJGFCF38DG,寶強段1184地號
QPPNMLMKOHJGFCF38DG,寶強段1186地號
QPPNMLMKOHJGFCF38DG,寶強段1188地號
QPPNMLMKOHJGFCF38DG,寶強段1190地號
QPPNMLMKOHJGFCF38DG,寶強段1192地號
QPQNMLOKOHJGFGF98CG,大有段1226-4地號
QPQNMLOKOHJGFGF98CG,大有段1260地號
QPQNMLOKOHJGFGF98CG,大有段1261地號
QPQNMLOKOHJGFGF98CG,大有段1262地號
QPQNMLOKOHJGFGF98CG,大有段1263地號
QPQNMLOKOHJGFGF98CG,大有段1264地號
QPQNMLOKOHJGFGF98CG,大有段1265地號
QPQNMLOKOHJGFGF98CG,大有段1266地號
QPQNMLOKOHJGFGF98CG,大有段1267地號
QPPNMLLJPHJGFBF08CG,力行段384地號
QPPNMLPJPHJGFBF58DG,新林段308地號
RPPNMLSJPHJGFIF96CG,介壽段3-17地號
QPPNMLTJPHJGFGF76CG,集賢段522地號
QPPOMLTJPHJGFAF88CG,江翠段76-2地號
QPPOMLTJPHJGFAF88CG,江翠段76-3地號
QPPOMLTJPHJGFAF88CG,江翠段76-4地號
QPPOMLTJPHJGFAF88CG,江翠段76-5地號
QPPOMLTJPHJGFAF88CG,江翠段76-6地號
TPPNMLMKPHJGFCF68CG,寶元段35-1地號
TPPNMLMKPHJGFCF68CG,寶元段38地號
TPPNMLMKPHJGFCF68CG,寶元段39地號
TPPNMLMKPHJGFCF68CG,寶元段40地號
TPPNMLMKPHJGFCF68CG,寶元段41地號
TPPNMLMKPHJGFCF68CG,寶元段42地號
TPPNMLMKPHJGFCF68CG,寶元段66地號
TPPNMLMKPHJGFCF68CG,寶元段67地號
TPPNMLMKPHJGFCF68CG,寶元段68地號
TPPNMLMKPHJGFCF68CG,寶元段69地號
TPPNMLMKPHJGFCF68CG,寶元段70地號
TPPNMLMKPHJGFCF68CG,寶元段35-2地號
TPPNMLMKPHJGFCF68CG,寶元段71地號
TPPNMLMKPHJGFCF68CG,寶元段72地號
TPPNMLMKPHJGFCF68CG,寶元段73地號
TPPNMLMKPHJGFCF68CG,寶元段109-1地號
TPPNMLMKPHJGFCF68CG,寶元段35-5地號
TPPNMLMKPHJGFCF68CG,寶元段36地號
TPPNMLMKPHJGFCF68CG,寶元段36-6地號
TPPNMLMKPHJGFCF68CG,寶元段37地號
TPPNMLMKPHJGFCF68CG,寶元段38-1地號
TPPNMLMKPHJGFCF68CG,寶元段39-1地號
TPPNMLMKPHJGFCF68CG,寶元段36-5地號
QPRNMLQKPHJGFBF98DG,幸福段479地號
QPRNMLQKPHJGFBF98DG,幸福段480地號
QPRNMLQKPHJGFBF98DG,幸福段481地號
TPPNMLRKPHJGFCF56CG,寶元段38地號
TPPNMLRKPHJGFCF56CG,寶元段70地號
TPPNMLRKPHJGFCF56CG,寶元段71地號
TPPNMLRKPHJGFCF56CG,寶元段72地號
TPPNMLRKPHJGFCF56CG,寶元段73地號
TPPNMLRKPHJGFCF56CG,寶元段109-1地號
TPPNMLRKPHJGFCF56CG,寶元段32-1地號
TPPNMLRKPHJGFCF56CG,寶元段35-1地號
TPPNMLRKPHJGFCF56CG,寶元段35-2地號
TPPNMLRKPHJGFCF56CG,寶元段35-5地號
TPPNMLRKPHJGFCF56CG,寶元段36地號
TPPNMLRKPHJGFCF56CG,寶元段39地號
TPPNMLRKPHJGFCF56CG,寶元段36-6地號
TPPNMLRKPHJGFCF56CG,寶元段37地號
TPPNMLRKPHJGFCF56CG,寶元段38-1地號
TPPNMLRKPHJGFCF56CG,寶元段39-1地號
TPPNMLRKPHJGFCF56CG,寶元段40地號
TPPNMLRKPHJGFCF56CG,寶元段41地號
TPPNMLRKPHJGFCF56CG,寶元段42地號
TPPNMLRKPHJGFCF56CG,寶元段66地號
TPPNMLRKPHJGFCF56CG,寶元段67地號
TPPNMLRKPHJGFCF56CG,寶元段68地號
TPPNMLRKPHJGFCF56CG,寶元段69地號
RPRNMLTKPHJGFHF37DG,民富段21地號
RPRNMLTKPHJGFHF37DG,民富段19地號
RPRNMLTKPHJGFHF37DG,民富段25地號
RPRNMLTKPHJGFHF37DG,民富段26-1地號
RPRNMLTKPHJGFHF37DG,民富段31地號
RPRNMLTKPHJGFHF37DG,民富段192地號
RPRNMLTKPHJGFHF37DG,民富段25-1地號
RPRNMLTKPHJGFHF37DG,民富段28地號
RPRNMLTKPHJGFHF37DG,民富段32地號
RPRNMLTKPHJGFHF37DG,民富段18地號
RPRNMLTKPHJGFHF37DG,民富段22地號
RPRNMLTKPHJGFHF37DG,民富段26地號
RPRNMLTKPHJGFHF37DG,民富段29地號
RPRNMLTKPHJGFHF37DG,民富段33地號
QPXNMLNLPHJGFBF66CG,麗林段656地號
QPPNMLNLPHJGFHF56DG,林森段668地號
QPPNMLNLPHJGFHF56DG,林森段726地號
QPPNMLNLPHJGFHF56DG,林森段727地號
QPPNMLNLPHJGFHF56DG,林森段682地號
QPPNMLNLPHJGFHF56DG,林森段683地號
QPPNMLNLPHJGFHF56DG,林森段684地號
QPPNMLNLPHJGFHF56DG,林森段685地號
QPPNMLNLPHJGFHF56DG,林森段686地號
QPPNMLNLPHJGFHF56DG,林森段687地號
QPPNMLNLPHJGFHF56DG,林森段688地號
QPPNMLNLPHJGFHF56DG,林森段689地號
QPPNMLQLPHJGFCF88CG,大豐段398地號
QPPNMLQLPHJGFCF88CG,大豐段403地號
QPPNMLQLPHJGFCF88CG,大豐段404地號
QPPNMLQLPHJGFCF88CG,大豐段405地號
QPPNMLQLPHJGFCF88CG,大豐段444地號
QPPNMLQLPHJGFCF88CG,大豐段445地號
QPPNMLQLPHJGFCF88CG,大豐段449地號
QPPNMLTLPHJGFAF98CG,江翠段187地號
TPRNMLTLPHJGFBF07DG,芳洲段50地號
TPRNMLTLPHJGFBF07DG,芳洲段51地號
TPRNMLTLPHJGFBF07DG,芳洲段52地號
VPRNMLPJQHJGFGF27DG,五谷王段86地號
QPPNMLTJQHJGFHF07DG,秀山段256地號
QPPNMLTJQHJGFHF07DG,秀山段276地號
QPPNMLTJQHJGFHF07DG,秀山段277地號
QPPNMLTJQHJGFHF07DG,秀山段278地號
QPPNMLTJQHJGFHF07DG,秀山段267地號
QPPNMLTJQHJGFHF07DG,秀山段268地號
QPPNMLTJQHJGFHF07DG,秀山段269地號
QPPNMLTJQHJGFHF07DG,秀山段270地號
QPPNMLTJQHJGFHF07DG,秀山段271地號
QPPNMLTJQHJGFHF07DG,秀山段273地號
QPPNMLTJQHJGFHF07DG,秀山段274地號
QPPNMLTJQHJGFHF07DG,秀山段275地號
QPPNMLPKQHJGFEF98CG,埤頭段187地號
VPPNMLQKQHJGFBF66CG,建林段1262地號
VPPNMLQKQHJGFBF66CG,建林段1265地號
VPPNMLQKQHJGFBF66CG,建林段1266地號
VPPNMLQKQHJGFBF66CG,建林段1267地號
QPPNMLMLQHJGFGF98CG,三重段213地號
QQPNMLSLQHJGFHF17CG,竹林段22地號
QQPNMLSLQHJGFHF17CG,竹林段81地號
QQPNMLSLQHJGFHF17CG,竹林段82地號
QQPNMLSLQHJGFHF17CG,竹林段83地號
QQPNMLSLQHJGFHF17CG,竹林段84地號
QQPNMLSLQHJGFHF17CG,竹林段85地號
QQPNMLSLQHJGFHF17CG,竹林段86地號
QQPNMLSLQHJGFHF17CG,竹林段87地號
QQPNMLSLQHJGFHF17CG,竹林段88地號
QQPNMLSLQHJGFHF17CG,竹林段89地號
QQPNMLSLQHJGFHF17CG,竹林段90地號
QQPNMLSLQHJGFHF17CG,竹林段23地號
QQPNMLSLQHJGFHF17CG,竹林段91地號
QQPNMLSLQHJGFHF17CG,竹林段96地號
QQPNMLSLQHJGFHF17CG,竹林段98地號
QQPNMLSLQHJGFHF17CG,竹林段103地號
QQPNMLSLQHJGFHF17CG,竹林段104地號
QQPNMLSLQHJGFHF17CG,竹林段24地號
QQPNMLSLQHJGFHF17CG,竹林段25地號
QQPNMLSLQHJGFHF17CG,竹林段76地號
QQPNMLSLQHJGFHF17CG,竹林段77地號
QQPNMLSLQHJGFHF17CG,竹林段78地號
QQPNMLSLQHJGFHF17CG,竹林段79地號
QQPNMLSLQHJGFHF17CG,竹林段80地號
SPSNMLMJRHJGFBF98DG,建林段498地號
SPSNMLMJRHJGFBF98DG,建林段499地號
SPSNMLMJRHJGFBF98DG,建林段500地號
SPSNMLMJRHJGFBF98DG,建林段501地號
QPVNMLNJRHJGFBF09CG,力行段956地號
QPVNMLNJRHJGFBF09CG,力行段957地號
QPVNMLNJRHJGFBF09CG,力行段964地號
QPVNMLNJRHJGFBF09CG,力行段965地號
QPUNMLNJRHJGFBF98CG,麗林段550地號
QPUNMLNJRHJGFBF98CG,麗林段551地號
QPUNMLNJRHJGFBF98CG,麗林段554地號
QPQNMLPJRHJGFGF76DG,集美段255地號
QPQNMLPJRHJGFGF76DG,集美段256地號
QPQNMLPJRHJGFGF76DG,集美段257地號
QPQNMLPJRHJGFGF76DG,集美段258地號
QPQNMLPJRHJGFGF76DG,集美段259地號
QPQNMLPJRHJGFGF76DG,集美段259-1地號
QPQNMLPJRHJGFGF76DG,集美段260地號
QPQNMLPJRHJGFGF76DG,集美段258-1地號
QPPNMLQJRHJGFIF86CG,鳳祥段1294地號
QPPNMLQJRHJGFIF86CG,鳳祥段1441地號
QPPNMLQJRHJGFIF86CG,鳳祥段1442地號
QPPNMLQJRHJGFIF86CG,鳳祥段1443地號
QPRNMLTJRHJGFIF47DG,鳳鳴段345-1地號
QPPNMLLKRHJGFHF98CG,福祥段649地號
QPPNMLLKRHJGFHF98CG,福祥段650地號
QPPNMLLKRHJGFHF98CG,福祥段651地號
QPPNMLLKRHJGFHF98CG,福祥段652地號
QPPNMLLKRHJGFHF98CG,福祥段653地號
QPPNMLLKRHJGFHF98CG,福祥段654地號
QPPNMLLKRHJGFHF98CG,福祥段655地號
QPPNMLLKRHJGFHF98CG,福祥段656地號
QPPNMLLKRHJGFHF98CG,福祥段657地號
UPQNMLMKRHJGFIF07CG,東園段203地號
VPPNMLSKRHJGFAF86CG,永福段73地號
VPPNMLSKRHJGFAF86CG,永福段74地號
YPPNMLSKRHJGFGF87DG,三重段427-1地號
YPPNMLSKRHJGFGF87DG,三重段427-2地號
YPPNMLSKRHJGFGF87DG,三重段428地號
YPPNMLSKRHJGFGF87DG,三重段429地號
YPPNMLSKRHJGFGF87DG,三重段429-1地號
YPPNMLSKRHJGFGF87DG,三重段432地號
YPPNMLSKRHJGFGF87DG,三重段433地號
YPPNMLSKRHJGFGF87DG,三重段434地號
YPPNMLSKRHJGFGF87DG,三重段435地號
QPQNMLTKRHJGFAF66DG,亞東段1078-9地號
QPQNMLTKRHJGFAF66DG,亞東段1078-10地號
QPQNMLTKRHJGFAF66DG,亞東段1092地號
QPQNMLTKRHJGFAF66DG,亞東段1093地號
QPQNMLKLRHJGFHF56DG,福祥段132地號
QPQNMLKLRHJGFHF56DG,福祥段136-1地號
QPQNMLKLRHJGFHF56DG,福祥段183地號
QPQNMLKLRHJGFHF56DG,福祥段132-1地號
QPQNMLKLRHJGFHF56DG,福祥段133地號
QPQNMLKLRHJGFHF56DG,福祥段133-1地號
QPQNMLKLRHJGFHF56DG,福祥段134地號
QPQNMLKLRHJGFHF56DG,福祥段134-1地號
QPQNMLKLRHJGFHF56DG,福祥段135地號
QPQNMLKLRHJGFHF56DG,福祥段135-1地號
QPQNMLKLRHJGFHF56DG,福祥段136地號
SPQNMLQLRHJGFEF96CG,淡海段40地號
SPQNMLQLRHJGFEF96CG,淡海段38-1地號
SPQNMLQLRHJGFEF96CG,淡海段40-1地號
RPPNMLKMRHJGFEF98DG,中山段1241地號
RPPNMLKMRHJGFEF98DG,中山段1242地號
RPPNMLKMRHJGFEF98DG,中山段1243地號
RPPNMLKMRHJGFEF98DG,中山段1245地號
VPPNMLLLIIJGFAF08CG,新興段1036地號
VPPNMLLLIIJGFAF08CG,新興段1040地號
VPPNMLLLIIJGFAF08CG,新興段1037地號
VPPNMLLLIIJGFAF08CG,新興段1037-1地號
VPPNMLLLIIJGFAF08CG,新興段1037-2地號
VPPNMLLLIIJGFAF08CG,新興段1037-3地號
VPPNMLLLIIJGFAF08CG,新興段1037-4地號
VPPNMLLLIIJGFAF08CG,新興段1037-5地號
VPPNMLLLIIJGFAF08CG,新興段1037-6地號
VPPNMLLLIIJGFAF08CG,新興段1037-7地號
VPPNMLLLIIJGFAF18DG,港子嘴段197-7地號
VPPNMLLLIIJGFAF18DG,港子嘴段197-8地號
VPPNMLLLIIJGFAF18DG,港子嘴段197-9地號
SPPNMLKMIIJGFBF97DG,工二段31地號
SPPNMLKMIIJGFBF97DG,工二段28-3地號
TPQNMLSJJIJGFCF88DG,黎明段456地號
QPPNMLSJJIJGFIF09DG,鳳福段1061地號
QPPNMLSJJIJGFIF09DG,鳳福段1062地號
QPPNMLLKJIJGFGF28DG,三重段385地號
QPPNMLLKJIJGFGF28DG,三重段385-1地號
QPPNMLLKJIJGFGF28DG,三重段386地號
QPPNMLLKJIJGFGF28DG,三重段387地號
UPPNMLMKJIJGFBF28DG,瓊林段373地號
UPPNMLMKJIJGFBF28DG,瓊林段390地號
UPPNMLMKJIJGFBF28DG,瓊林段390-3地號
UPPNMLMKJIJGFBF28DG,瓊林段390-4地號
UPPNMLMKJIJGFBF28DG,瓊林段390-9地號
UPPNMLMKJIJGFBF28DG,瓊林段1011-2地號
QPPNMLNKJIJGFAF77CG,忠孝段966地號
QPPNMLNKJIJGFAF77CG,忠孝段982地號
QPPNMLNKJIJGFAF77CG,忠孝段983地號
QPPNMLNKJIJGFAF77CG,忠孝段984地號
QPPNMLNKJIJGFAF77CG,忠孝段973地號
QPPNMLNKJIJGFAF77CG,忠孝段974地號
QPPNMLNKJIJGFAF77CG,忠孝段975地號
QPPNMLNKJIJGFAF77CG,忠孝段976地號
QPPNMLNKJIJGFAF77CG,忠孝段977地號
QPPNMLNKJIJGFAF77CG,忠孝段979地號
QPPNMLNKJIJGFAF77CG,忠孝段980地號
QPPNMLNKJIJGFAF77CG,忠孝段981地號
SPPNMLKLJIJGFDF08CG,江北段912地號
RPPNMLMLJIJGFHF58CG,得和段954地號
RPPNMLMLJIJGFHF58CG,得和段961地號
RPPNMLMLJIJGFHF58CG,得和段961-1地號
RPPNMLMLJIJGFHF58CG,得和段962地號
RPPNMLMLJIJGFHF58CG,得和段963地號
RPPNMLMLJIJGFHF58CG,得和段964地號
RPPNMLMLJIJGFHF58CG,得和段965地號
RPPNMLMLJIJGFHF58CG,得和段966地號
RPPNMLMLJIJGFHF58CG,得和段966-1地號
RPPNMLMLJIJGFHF58CG,得和段967地號
RPPNMLMLJIJGFHF58CG,得和段968地號
RPPNMLMLJIJGFHF58CG,得和段955地號
RPPNMLMLJIJGFHF58CG,得和段969地號
RPPNMLMLJIJGFHF58CG,得和段970地號
RPPNMLMLJIJGFHF58CG,得和段971地號
RPPNMLMLJIJGFHF58CG,得和段972地號
RPPNMLMLJIJGFHF58CG,得和段973地號
RPPNMLMLJIJGFHF58CG,得和段973-1地號
RPPNMLMLJIJGFHF58CG,得和段974地號
RPPNMLMLJIJGFHF58CG,得和段975地號
RPPNMLMLJIJGFHF58CG,得和段976地號
RPPNMLMLJIJGFHF58CG,得和段977地號
RPPNMLMLJIJGFHF58CG,得和段955-1地號
RPPNMLMLJIJGFHF58CG,得和段978地號
RPPNMLMLJIJGFHF58CG,得和段979地號
RPPNMLMLJIJGFHF58CG,得和段980-1地號
RPPNMLMLJIJGFHF58CG,得和段980-3地號
RPPNMLMLJIJGFHF58CG,得和段981地號
RPPNMLMLJIJGFHF58CG,得和段982地號
RPPNMLMLJIJGFHF58CG,得和段956地號
RPPNMLMLJIJGFHF58CG,得和段957地號
RPPNMLMLJIJGFHF58CG,得和段958地號
RPPNMLMLJIJGFHF58CG,得和段959地號
RPPNMLMLJIJGFHF58CG,得和段960地號
RPPNMLMLJIJGFHF58CG,得和段960-1地號
QPQNMLPLJIJGFBF38DG,副都心段一小段146地號
QPQNMLPLJIJGFBF38DG,副都心段一小段147地號
QPPNMLMJKIJGFBF87DG,建林段684地號
QPPNMLPJKIJGFIF88DG,北園段484地號
SPQNMLPJKIJGFAF38DG,和平段5地號
SPQNMLPJKIJGFAF38DG,和平段347-10地號
SPQNMLPJKIJGFAF38DG,和平段347-11地號
SPQNMLPJKIJGFAF38DG,和平段347-12地號
SPQNMLPJKIJGFAF38DG,和平段347-13地號
SPQNMLPJKIJGFAF38DG,和平段347-14地號
SPQNMLPJKIJGFAF38DG,和平段347-15地號
SPQNMLPJKIJGFAF38DG,和平段347-16地號
SPQNMLPJKIJGFAF38DG,和平段347-20地號
SPQNMLPJKIJGFAF38DG,和平段6地號
SPQNMLPJKIJGFAF38DG,和平段6-1地號
SPQNMLPJKIJGFAF38DG,和平段10地號
SPQNMLPJKIJGFAF38DG,和平段12地號
SPQNMLPJKIJGFAF38DG,和平段347-3地號
SPQNMLPJKIJGFAF38DG,和平段347-6地號
SPQNMLPJKIJGFAF38DG,和平段347-8地號
SPQNMLPJKIJGFAF38DG,和平段347-9地號
WPPNMLPJKIJGFIF76CG,東園段525地號
XPSNMLKKKIJGFHF76DG,信和段1167地號
XPSNMLKKKIJGFHF76DG,信和段1176地號
XPSNMLKKKIJGFHF76DG,信和段1177地號
XPSNMLKKKIJGFHF76DG,信和段1178地號
XPSNMLKKKIJGFHF76DG,信和段1179地號
XPSNMLKKKIJGFHF76DG,信和段1180地號
XPSNMLKKKIJGFHF76DG,信和段1181地號
XPSNMLKKKIJGFHF76DG,信和段1182地號
XPSNMLKKKIJGFHF76DG,信和段1183地號
XPSNMLKKKIJGFHF76DG,信和段1184地號
XPSNMLKKKIJGFHF76DG,信和段1185地號
XPSNMLKKKIJGFHF76DG,信和段1168地號
XPSNMLKKKIJGFHF76DG,信和段1186地號
XPSNMLKKKIJGFHF76DG,信和段1187地號
XPSNMLKKKIJGFHF76DG,信和段1188地號
XPSNMLKKKIJGFHF76DG,信和段1189地號
XPSNMLKKKIJGFHF76DG,信和段1190地號
XPSNMLKKKIJGFHF76DG,信和段1190-1地號
XPSNMLKKKIJGFHF76DG,信和段1193地號
XPSNMLKKKIJGFHF76DG,信和段1194地號
XPSNMLKKKIJGFHF76DG,信和段1195地號
XPSNMLKKKIJGFHF76DG,信和段1196地號
XPSNMLKKKIJGFHF76DG,信和段1169地號
XPSNMLKKKIJGFHF76DG,信和段1198地號
XPSNMLKKKIJGFHF76DG,信和段1199地號
XPSNMLKKKIJGFHF76DG,信和段1200地號
XPSNMLKKKIJGFHF76DG,信和段1201地號
XPSNMLKKKIJGFHF76DG,信和段1204地號
XPSNMLKKKIJGFHF76DG,信和段1205地號
XPSNMLKKKIJGFHF76DG,信和段1206地號
XPSNMLKKKIJGFHF76DG,信和段1207地號
XPSNMLKKKIJGFHF76DG,信和段1210地號
XPSNMLKKKIJGFHF76DG,信和段1211地號
XPSNMLKKKIJGFHF76DG,信和段1170地號
XPSNMLKKKIJGFHF76DG,信和段1171地號
XPSNMLKKKIJGFHF76DG,信和段1172地號
XPSNMLKKKIJGFHF76DG,信和段1173地號
XPSNMLKKKIJGFHF76DG,信和段1174地號
XPSNMLKKKIJGFHF76DG,信和段1175地號
QPPNMLKKKIJGFGF18CG,文化北段940地號
QPPNMLKKKIJGFGF18CG,文化北段949地號
QPPNMLKKKIJGFGF18CG,文化北段950地號
QPPNMLKKKIJGFGF18CG,文化北段951地號
QPPNMLKKKIJGFGF18CG,文化北段952地號
QPPNMLKKKIJGFGF18CG,文化北段953地號
QPPNMLKKKIJGFGF18CG,文化北段1571地號
QPPNMLKKKIJGFGF18CG,文化北段941地號
QPPNMLKKKIJGFGF18CG,文化北段942地號
QPPNMLKKKIJGFGF18CG,文化北段943地號
QPPNMLKKKIJGFGF18CG,文化北段944地號
QPPNMLKKKIJGFGF18CG,文化北段945地號
QPPNMLKKKIJGFGF18CG,文化北段946地號
QPPNMLKKKIJGFGF18CG,文化北段947地號
QPPNMLKKKIJGFGF18CG,文化北段948地號
QPPNMLNKKIJGFIF78DG,鳳福段1068地號
QPPNMLNKKIJGFIF78DG,鳳福段1069地號
QPPNMLQKKIJGFHF98DG,景新段10-1地號
QPPNMLQKKIJGFHF98DG,秀峰段289地號
QPPNMLQKKIJGFHF98DG,秀峰段289-2地號
QPPNMLQKKIJGFHF98DG,秀峰段289-3地號
QPPNMLRKKIJGFCF58DG,安豐段326地號
QPPNMLRKKIJGFCF58DG,安豐段327地號
RPUNMLSKKIJGFBF56DG,泰林段131地號
RPUNMLSKKIJGFBF56DG,泰林段142-1地號
RPUNMLSKKIJGFBF56DG,泰林段152-5地號
RPUNMLSKKIJGFBF56DG,泰林段152-6地號
RPUNMLSKKIJGFBF56DG,泰林段151地號
RPUNMLSKKIJGFBF56DG,泰林段132地號
RPUNMLSKKIJGFBF56DG,泰林段133地號
RPUNMLSKKIJGFBF56DG,泰林段134地號
RPUNMLSKKIJGFBF56DG,泰林段137地號
RPUNMLSKKIJGFBF56DG,泰林段138地號
RPUNMLSKKIJGFBF56DG,泰林段139地號
RPUNMLSKKIJGFBF56DG,泰林段140地號
RPUNMLSKKIJGFBF56DG,泰林段141地號
QPPNMLQLKIJGFBF38CG,行政段670地號
SPPNMLQLKIJGFEF88CG,海天段128地號
SPPNMLQLKIJGFEF88CG,海天段128-3地號
SPPNMLQLKIJGFEF88CG,海天段129-1地號
TPPNMLQLKIJGFCF78CG,福園段347地號
TPPNMLQLKIJGFCF78CG,福園段349地號
TPPNMLQLKIJGFCF78CG,福園段351地號
TPPNMLRLKIJGFBF88DG,力行段106地號
TPPNMLRLKIJGFBF88DG,力行段124地號
TPPNMLRLKIJGFBF88DG,力行段125地號
TPPNMLRLKIJGFBF88DG,力行段107地號
TPPNMLRLKIJGFBF88DG,力行段108地號
TPPNMLRLKIJGFBF88DG,力行段109地號
TPPNMLRLKIJGFBF88DG,力行段112地號
TPPNMLRLKIJGFBF88DG,力行段113地號
TPPNMLRLKIJGFBF88DG,力行段114地號
TPPNMLRLKIJGFBF88DG,力行段121地號
TPPNMLRLKIJGFBF88DG,力行段122地號
QPPNMLRLKIJGFGF98CG,五谷王段67地號
QPPNMLRLKIJGFGF98CG,五谷王段68地號
QPPNMLRLKIJGFGF98CG,五谷王段69地號
QPPNMLRLKIJGFGF98CG,五谷王段70地號
QPPNMLRLKIJGFGF98CG,五谷王段71地號
QPPNMLRLKIJGFGF98CG,五谷王段72地號
QPPNMLRLKIJGFGF98CG,五谷王段73地號
QPPNMLRLKIJGFGF98CG,五谷王段74地號
QPPNMLRLKIJGFGF98CG,五谷王段75地號
QPQNMLMJJHKGFBF77CG,新工段一小段46地號
QPQNMLMJJHKGFBF77CG,新工段一小段47地號
QPQNMLMJJHKGFBF77CG,新工段一小段49地號
SPPNMLNJJHKGFHF68DG,景華段234地號
SPPNMLNJJHKGFHF68DG,景華段267地號
SPPNMLNJJHKGFHF68DG,景華段276地號
SPPNMLNJJHKGFHF68DG,景華段273地號
SPPNMLNJJHKGFHF68DG,景華段274地號
SPPNMLNJJHKGFHF68DG,景華段259地號
SPPNMLNJJHKGFHF68DG,景華段260地號
SPPNMLNJJHKGFHF68DG,景華段261地號
SPPNMLNJJHKGFHF68DG,景華段262地號
SPPNMLNJJHKGFHF68DG,景華段263地號
SPPNMLNJJHKGFHF68DG,景華段264地號
SPPNMLNJJHKGFHF68DG,景華段265地號
SPPNMLNJJHKGFHF68DG,景華段266地號
QPPNMLOJJHKGFAF77CG,環翠段5地號
QPPNMLOJJHKGFAF77CG,環翠段6地號
QPPNMLOJJHKGFAF77CG,環翠段7地號
QPPNMLOJJHKGFAF77CG,環翠段8地號
QPPNMLOJJHKGFAF77CG,環翠段8-1地號
QPPNMLOJJHKGFAF77CG,環翠段8-2地號
RPPNMLSJJHKGFCF48CG,順安段502-1地號
RPPNMLSJJHKGFCF48CG,順安段504地號
RPPNMLSJJHKGFCF48CG,順安段505地號
RPPNMLSJJHKGFCF48CG,順安段506地號
RPPNMLSJJHKGFCF48CG,順安段507地號
RPPNMLSJJHKGFGF88CG,仁興段355地號
RPPNMLSJJHKGFGF88CG,仁興段357地號
RPPNMLSJJHKGFGF88CG,仁興段359地號
RPPNMLSJJHKGFGF88CG,仁興段360地號
QPPNMLRKJHKGFAF18CG,清水段112地號
QPPNMLRKJHKGFAF18CG,清水段113地號
QPPNMLRKJHKGFAF18CG,清水段114地號
QPQNMLMLJHKGFGF48CG,五谷王段173地號
QPQNMLMLJHKGFGF48CG,五谷王段174地號
QPQNMLMLJHKGFGF48CG,五谷王段176地號
QPQNMLMLJHKGFGF48CG,五谷王段177地號
QPQNMLMLJHKGFGF48CG,五谷王段178地號
QPQNMLMLJHKGFGF48CG,五谷王段179地號
QPQNMLMLJHKGFGF48CG,五谷王段180地號
QPQNMLMLJHKGFGF48CG,五谷王段181地號
QPQNMLMLJHKGFGF48CG,五谷王段182地號
QPPNMLNLJHKGFHF58CG,中安段483地號
QPPNMLNLJHKGFHF58CG,中安段500-1地號
QPPNMLNLJHKGFHF58CG,中安段503地號
QPPNMLNLJHKGFHF58CG,中安段507地號
QPPNMLNLJHKGFHF58CG,中安段481地號
QPPNMLNLJHKGFHF58CG,中安段484地號
QPPNMLNLJHKGFHF58CG,中安段486-1地號
QPPNMLNLJHKGFHF58CG,中安段488-1地號
QPPNMLNLJHKGFHF58CG,中安段490地號
QPPNMLNLJHKGFHF58CG,中安段491-1地號
QPPNMLNLJHKGFHF58CG,中安段493-1地號
QPPNMLNLJHKGFHF58CG,中安段486地號
QPPNMLNLJHKGFHF58CG,中安段494-2地號
QPPNMLNLJHKGFHF58CG,中安段497地號
QPPNMLNLJHKGFHF58CG,中安段499-1地號
QPPNMLNLJHKGFHF58CG,中安段501地號
QPPNMLNLJHKGFHF58CG,中安段505地號
QPPNMLNLJHKGFHF58CG,中安段482地號
QPPNMLNLJHKGFHF58CG,中安段485地號
QPPNMLNLJHKGFHF58CG,中安段487地號
QPPNMLNLJHKGFHF58CG,中安段489地號
QPPNMLNLJHKGFHF58CG,中安段490-1地號
QPPNMLNLJHKGFHF58CG,中安段488地號
QPPNMLNLJHKGFHF58CG,中安段492地號
QPPNMLNLJHKGFHF58CG,中安段494地號
QPPNMLNLJHKGFHF58CG,中安段494-3地號
QPPNMLNLJHKGFHF58CG,中安段498地號
QPPNMLNLJHKGFHF58CG,中安段500地號
QPPNMLNLJHKGFHF58CG,中安段502地號
QPPNMLNLJHKGFHF58CG,中安段506地號
QPPNMLNLJHKGFHF58CG,中安段489-1地號
QPPNMLNLJHKGFHF58CG,中安段491地號
QPPNMLNLJHKGFHF58CG,中安段493地號
QPPNMLNLJHKGFHF58CG,中安段494-1地號
QPPNMLNLJHKGFHF58CG,中安段496地號
QPPNMLNLJHKGFHF58CG,中安段499地號
RPPNMLRJKHKGFBF38CG,合鳳段133地號
RPPNMLRJKHKGFBF38CG,合鳳段134地號
YPPNMLMKKHKGFCF88DG,新和段89-1地號
YPPNMLMKKHKGFCF88DG,新和段97地號
YPPNMLMKKHKGFCF88DG,新和段98地號
YPPNMLMKKHKGFCF88DG,新和段99地號
YPPNMLMKKHKGFCF88DG,新和段89-2地號
YPPNMLMKKHKGFCF88DG,新和段90地號
YPPNMLMKKHKGFCF88DG,新和段91地號
YPPNMLMKKHKGFCF88DG,新和段91-1地號
YPPNMLMKKHKGFCF88DG,新和段93地號
YPPNMLMKKHKGFCF88DG,新和段94地號
YPPNMLMKKHKGFCF88DG,新和段95地號
YPPNMLMKKHKGFCF88DG,新和段96地號
QPPNMLNKKHKGFGF48CG,三重段338地號
QPPNMLRKKHKGFAF28CG,沛陂段141-1地號
QPPNMLRKKHKGFAF28CG,沛陂段141-2地號
QPPNMLTKKHKGFHF56CG,秀山段78-1地號
QPPNMLTKKHKGFHF56CG,秀山段79地號
QPPNMLTKKHKGFHF56CG,秀山段79-1地號
QPPNMLTKKHKGFHF56CG,秀山段80地號
QPPNMLTKKHKGFHF56CG,秀山段80-1地號
QPPNMLTKKHKGFHF56CG,秀山段81地號
QPPNMLTKKHKGFHF56CG,秀山段81-1地號
RPPNMLTKKHKGFAF68DG,港子嘴段1-20地號
RPPNMLTKKHKGFAF68DG,港子嘴段59地號
RPPNMLTKKHKGFAF68DG,港子嘴段59-1地號
RPPNMLTKKHKGFAF68DG,港子嘴段59-2地號
RPPNMLTKKHKGFAF68DG,港子嘴段59-5地號
RPPNMLTKKHKGFAF68DG,港子嘴段59-6地號
RPPNMLTKKHKGFAF68DG,港子嘴段59-7地號
RPPNMLTKKHKGFAF68DG,港子嘴段59-8地號
RPPNMLTKKHKGFAF68DG,港子嘴段59-9地號
RPPNMLTKKHKGFAF68DG,港子嘴段59-10地號
RPPNMLTKKHKGFAF68DG,港子嘴段59-11地號
RPPNMLTKKHKGFAF68DG,港子嘴段1-21地號
RPPNMLTKKHKGFAF68DG,港子嘴段59-12地號
RPPNMLTKKHKGFAF68DG,港子嘴段59-13地號
RPPNMLTKKHKGFAF68DG,港子嘴段59-14地號
RPPNMLTKKHKGFAF68DG,港子嘴段59-15地號
RPPNMLTKKHKGFAF68DG,港子嘴段59-16地號
RPPNMLTKKHKGFAF68DG,港子嘴段59-17地號
RPPNMLTKKHKGFAF68DG,港子嘴段59-18地號
RPPNMLTKKHKGFAF68DG,港子嘴段59-19地號
RPPNMLTKKHKGFAF68DG,港子嘴段59-21地號
RPPNMLTKKHKGFAF68DG,港子嘴段59-22地號
RPPNMLTKKHKGFAF68DG,港子嘴段1-22地號
RPPNMLTKKHKGFAF68DG,港子嘴段59-23地號
RPPNMLTKKHKGFAF68DG,港子嘴段59-24地號
RPPNMLTKKHKGFAF68DG,港子嘴段59-29地號
RPPNMLTKKHKGFAF68DG,港子嘴段59-30地號
RPPNMLTKKHKGFAF68DG,港子嘴段60地號
RPPNMLTKKHKGFAF68DG,港子嘴段60-1地號
RPPNMLTKKHKGFAF68DG,港子嘴段60-6地號
RPPNMLTKKHKGFAF68DG,港子嘴段60-7地號
RPPNMLTKKHKGFAF68DG,港子嘴段60-9地號
RPPNMLTKKHKGFAF68DG,港子嘴段58-2地號
RPPNMLTKKHKGFAF68DG,港子嘴段58-4地號
RPPNMLTKKHKGFAF68DG,港子嘴段58-6地號
RPPNMLTKKHKGFAF68DG,港子嘴段58-7地號
RPPNMLTKKHKGFAF68DG,港子嘴段58-9地號
RPPNMLTKKHKGFAF68DG,港子嘴段58-10地號
UPPNMLOLKHKGFBF68DG,副都心段一小段194地號
UPPNMLOLKHKGFBF68DG,副都心段一小段218地號
UPPNMLOLKHKGFBF68DG,副都心段一小段219地號
UPPNMLOLKHKGFBF68DG,副都心段一小段220地號
UPPNMLOLKHKGFBF68DG,副都心段一小段195地號
UPPNMLOLKHKGFBF68DG,副都心段一小段196地號
UPPNMLOLKHKGFBF68DG,副都心段一小段197地號
UPPNMLOLKHKGFBF68DG,副都心段一小段210地號
UPPNMLOLKHKGFBF68DG,副都心段一小段211地號
UPPNMLOLKHKGFBF68DG,副都心段一小段216地號
UPPNMLOLKHKGFBF68DG,副都心段一小段216-1地號
UPPNMLOLKHKGFBF68DG,副都心段一小段217地號
QPQNMLQLKHKGFAF48DG,員仁段467地號
QPQNMLQLKHKGFAF48DG,員仁段479地號
QPPNMLRLKHKGFHF09CG,台貿段419-3地號
QPPNMLRLKHKGFHF09CG,台貿段419-4地號
QPPNMLRLKHKGFHF09CG,台貿段422-1地號
QPPNMLRLKHKGFHF09CG,台貿段425地號
QPPNMLRLKHKGFHF09CG,台貿段426地號
QPPNMLRLKHKGFHF09CG,台貿段427地號
XPPNMLNJLHKGFDF98DG,金山一段10地號
QPPNMLQJLHKGFCF38CG,斯馨段68地號
QPPNMLQJLHKGFCF38CG,斯馨段69地號
QPPNMLRJLHKGFBF38CG,中泰段483地號
QPPNMLRJLHKGFBF38CG,中泰段484地號
QPPNMLRJLHKGFBF38CG,中泰段485地號
QPQNMLTJLHKGFBF68CG,建林段1088地號
QPQNMLTJLHKGFBF68CG,建林段1089地號
QPQNMLTJLHKGFBF68CG,建林段1090地號
QPPNMLRKLHKGFBF48CG,麗林段389地號
RPSNMLLLLHKGFBF48DG,泰林段271-1地號
RPSNMLLLLHKGFBF48DG,泰林段282地號
RPSNMLLLLHKGFBF48DG,泰林段283地號
RPSNMLLLLHKGFBF48DG,泰林段284地號
RPSNMLLLLHKGFBF48DG,泰林段285地號
RPSNMLLLLHKGFBF48DG,泰林段286地號
RPSNMLLLLHKGFBF48DG,泰林段371地號
RPSNMLLLLHKGFBF48DG,泰林段378地號
RPSNMLLLLHKGFBF48DG,泰林段381地號
RPSNMLLLLHKGFBF48DG,泰林段381-1地號
RPSNMLLLLHKGFBF48DG,泰林段272地號
RPSNMLLLLHKGFBF48DG,泰林段273地號
RPSNMLLLLHKGFBF48DG,泰林段274地號
RPSNMLLLLHKGFBF48DG,泰林段275地號
RPSNMLLLLHKGFBF48DG,泰林段276地號
RPSNMLLLLHKGFBF48DG,泰林段277地號
RPSNMLLLLHKGFBF48DG,泰林段278地號
RPSNMLLLLHKGFBF48DG,泰林段279地號
TPPNMLRLLHKGFAF88DG,文化段1777-1地號
TPPNMLRLLHKGFAF88DG,文化段1682地號
TPPNMLRLLHKGFAF88DG,文化段1683地號
TPPNMLRLLHKGFAF88DG,文化段1684地號
TPPNMLRLLHKGFAF88DG,文化段1685地號
TPPNMLRLLHKGFAF88DG,文化段1686地號
TPPNMLRLLHKGFAF88DG,文化段1754地號
TPPNMLRLLHKGFAF88DG,文化段1756地號
TPPNMLRLLHKGFAF88DG,文化段1757地號
TPPNMLRLLHKGFAF88DG,文化段1758地號
TPPNMLRLLHKGFAF88DG,文化段1759地號
TPPNMLRLLHKGFAF88DG,文化段1778-5地號
TPPNMLRLLHKGFAF88DG,文化段1760地號
TPPNMLRLLHKGFAF88DG,文化段1761地號
TPPNMLRLLHKGFAF88DG,文化段1762地號
TPPNMLRLLHKGFAF88DG,文化段1763地號
TPPNMLRLLHKGFAF88DG,文化段1775地號
TPPNMLRLLHKGFAF88DG,文化段1776地號
TPPNMLRLLHKGFAF88DG,文化段1678地號
TPPNMLRLLHKGFAF88DG,文化段1755地號
TPPNMLRLLHKGFAF88DG,文化段1776-1地號
TPPNMLRLLHKGFAF88DG,文化段1777-6地號
TPPNMLRLLHKGFAF88DG,文化段1673地號
TPPNMLRLLHKGFAF88DG,文化段1777-5地號
TPPNMLRLLHKGFAF88DG,文化段1778-15地號
TPPNMLRLLHKGFAF88DG,文化段1777-8地號
TPPNMLRLLHKGFAF88DG,文化段1777-7地號
TPPNMLRLLHKGFAF88DG,文化段1778-16地號
TPPNMLRLLHKGFAF88DG,文化段1674地號
TPPNMLRLLHKGFAF88DG,文化段1675地號
TPPNMLRLLHKGFAF88DG,文化段1677地號
TPPNMLRLLHKGFAF88DG,文化段1679地號
TPPNMLRLLHKGFAF88DG,文化段1680地號
TPPNMLRLLHKGFAF88DG,文化段1681地號
RPPNMLSLLHKGFAF68CG,江子翠段第二崁小段143-11地號
RPPNMLSLLHKGFAF68CG,江子翠段第二崁小段143-14地號
RPPNMLSLLHKGFAF68CG,江子翠段第二崁小段144-16地號
RPPNMLSLLHKGFAF68CG,江子翠段第二崁小段152-2地號
RPPNMLSLLHKGFAF68CG,江子翠段第二崁小段153-14地號
RPPNMLSLLHKGFAF68CG,江子翠段第三崁小段235-7地號
RPPNMLSLLHKGFAF68CG,江子翠段第三崁小段236-2地號
RPPNMLSLLHKGFAF68CG,江子翠段第三崁小段238-3地號
RPPNMLSLLHKGFAF68CG,江子翠段第二崁小段143-12地號
RPPNMLSLLHKGFAF68CG,江子翠段第二崁小段143-13地號
RPPNMLSLLHKGFAF68CG,江子翠段第二崁小段143-15地號
RPPNMLSLLHKGFAF68CG,江子翠段第二崁小段143-16地號
RPPNMLSLLHKGFAF68CG,江子翠段第二崁小段141-17地號
RPPNMLSLLHKGFAF68CG,江子翠段第二崁小段143-2地號
RPPNMLSLLHKGFAF68CG,江子翠段第二崁小段143-9地號
RPPNMLSLLHKGFAF68CG,江子翠段第二崁小段143-10地號
QPQNMLSJMHKGFBF78DG,行政段204地號
QPQNMLSJMHKGFBF78DG,行政段205地號
QPQNMLSJMHKGFBF78DG,行政段205-1地號
QPQNMLSJMHKGFBF78DG,行政段206地號
QPPNMLSJMHKGFEF88CG,水仙段598地號
QPPNMLSJMHKGFEF88CG,水仙段606地號
QPPNMLSJMHKGFEF88CG,水仙段607地號
QPPNMLSJMHKGFEF88CG,水仙段608地號
QPPNMLSJMHKGFEF88CG,水仙段609地號
QPPNMLSJMHKGFEF88CG,水仙段610地號
QPPNMLSJMHKGFEF88CG,水仙段612-1地號
QPPNMLSJMHKGFEF88CG,水仙段613地號
QPPNMLSJMHKGFEF88CG,水仙段614地號
QPPNMLSJMHKGFEF88CG,水仙段615-1地號
QPPNMLSJMHKGFEF88CG,水仙段616地號
QPPNMLSJMHKGFEF88CG,水仙段599地號
QPPNMLSJMHKGFEF88CG,水仙段617地號
QPPNMLSJMHKGFEF88CG,水仙段618-1地號
QPPNMLSJMHKGFEF88CG,水仙段619地號
QPPNMLSJMHKGFEF88CG,水仙段620地號
QPPNMLSJMHKGFEF88CG,水仙段621地號
QPPNMLSJMHKGFEF88CG,水仙段622-1地號
QPPNMLSJMHKGFEF88CG,水仙段729-1地號
QPPNMLSJMHKGFEF88CG,水仙段600地號
QPPNMLSJMHKGFEF88CG,水仙段601地號
QPPNMLSJMHKGFEF88CG,水仙段603-1地號
QPPNMLSJMHKGFEF88CG,水仙段603-2地號
QPPNMLSJMHKGFEF88CG,水仙段603-3地號
QPPNMLSJMHKGFEF88CG,水仙段604地號
QPPNMLSJMHKGFEF88CG,水仙段605地號
QPQNMLSJMHKGFHF66CG,福祥段661地號
QPRNMLSJMHKGFHF76CG,福祥段649地號
QPRNMLSJMHKGFHF76CG,福祥段650地號
QPRNMLSJMHKGFHF76CG,福祥段651地號
QPRNMLSJMHKGFHF76CG,福祥段652地號
QPRNMLSJMHKGFHF76CG,福祥段653地號
QPRNMLSJMHKGFHF76CG,福祥段654地號
QPRNMLSJMHKGFHF76CG,福祥段655地號
QPRNMLSJMHKGFHF76CG,福祥段656地號
QPRNMLSJMHKGFHF76CG,福祥段657地號
YPPNMLSJMHKGFHF37CG,景華段341地號
YPPNMLSJMHKGFHF37CG,景華段342地號
YPPNMLSJMHKGFHF37CG,景華段343地號
YPPNMLSJMHKGFHF37CG,景華段344地號
QPPNMLKKMHKGFBF97DG,竹林段17地號
QPPNMLKKMHKGFBF97DG,竹林段18地號
QPPNMLKKMHKGFBF97DG,竹林段19地號
QPPNMLKKMHKGFBF97DG,竹林段23地號
QPPNMLKKMHKGFBF97DG,竹林段24地號
QPPNMLLKMHKGFBF08DG,思源段1001地號
QPPNMLLKMHKGFBF08DG,思源段1015地號
RPPNMLOKMHKGFCF58DG,順安段606地號
RPPNMLOKMHKGFCF58DG,順安段607地號
RPPNMLOKMHKGFCF58DG,順安段608地號
RPPNMLOKMHKGFCF58DG,順安段621地號
RPPNMLOKMHKGFCF58DG,順安段622地號
RPPNMLOKMHKGFCF58DG,順安段623地號
RQPNMLRKMHKGFAF78DG,永翠段77地號
RQPNMLRKMHKGFAF78DG,永翠段78地號
RQPNMLRKMHKGFAF78DG,永翠段79地號
RQPNMLRKMHKGFAF78DG,永翠段80地號
RQPNMLRKMHKGFAF78DG,永翠段81地號
RQPNMLRKMHKGFAF78DG,永翠段82地號
RQPNMLRKMHKGFAF78DG,永翠段83地號
SPPNMLNLMHKGFEF88DG,關渡段452地號
QPPNMLPLMHKGFDF78DG,北山段85地號
QPPNMLPLMHKGFDF78DG,北山段137地號
QPPNMLPLMHKGFDF78DG,北山段146地號
QPPNMLPLMHKGFDF78DG,北山段147地號
QPPNMLPLMHKGFDF78DG,北山段148地號
QPPNMLPLMHKGFDF78DG,北山段155地號
QPPNMLPLMHKGFDF78DG,北山段156地號
QPPNMLPLMHKGFDF78DG,北山段157地號
QPPNMLPLMHKGFDF78DG,北山段158地號
QPPNMLPLMHKGFDF78DG,北山段159地號
QPPNMLPLMHKGFDF78DG,北山段163地號
QPPNMLPLMHKGFDF78DG,北山段86地號
QPPNMLPLMHKGFDF78DG,北山段165地號
QPPNMLPLMHKGFDF78DG,北山段166地號
QPPNMLPLMHKGFDF78DG,北山段167地號
QPPNMLPLMHKGFDF78DG,北山段168地號
QPPNMLPLMHKGFDF78DG,北山段169地號
QPPNMLPLMHKGFDF78DG,北山段171地號
QPPNMLPLMHKGFDF78DG,北山段87地號
QPPNMLPLMHKGFDF78DG,北山段88地號
QPPNMLPLMHKGFDF78DG,北山段89地號
QPPNMLPLMHKGFDF78DG,北山段90地號
QPPNMLPLMHKGFDF78DG,北山段91地號
QPPNMLPLMHKGFDF78DG,北山段109地號
QPPNMLPLMHKGFDF78DG,北山段110地號
QPPNMLRLMHKGFGF56CG,大同南段1386地號
QPPNMLRLMHKGFGF56CG,大同南段1387地號
QPPNMLRLMHKGFGF56CG,大同南段1388地號
QPPNMLRLMHKGFGF56CG,大同南段1469-1地號
QPPNMLSLMHKGFAF68CG,員福段353地號
QPPNMLSLMHKGFAF68CG,員福段409-1地號
QPPNMLSLMHKGFAF68CG,員福段410地號
QPPNMLSLMHKGFAF68CG,員福段354地號
QPPNMLSLMHKGFAF68CG,員福段358地號
QPPNMLSLMHKGFAF68CG,員福段359地號
QPPNMLSLMHKGFAF68CG,員福段360地號
QPPNMLSLMHKGFAF68CG,員福段361地號
QPPNMLSLMHKGFAF68CG,員福段362地號
QPPNMLSLMHKGFAF68CG,員福段363地號
QPPNMLSLMHKGFAF68CG,員福段366地號
SPPNMLTLMHKGFBF09CG,副都心段一小段335-2地號
SPPNMLTLMHKGFBF09CG,副都心段一小段336地號
SPPNMLTLMHKGFBF09CG,副都心段一小段337地號
RPPNMLMJNHKGFCF28CG,埔新段577地號
RPPNMLMJNHKGFCF28CG,埔新段581地號
QPPNMLSJNHKGFBF68CG,新林段891地號
TPPNMLTJNHKGFIF17CG,中山段872-19地號
TPPNMLTJNHKGFIF17CG,中山段872-20地號
QPPNMLTJNHKGFGF66CG,三重段412地號
QPPNMLTJNHKGFGF66CG,三重段413地號
QPPNMLTJNHKGFGF66CG,三重段437地號
QPPNMLTJNHKGFGF66CG,三重段438地號
RPPNMLMKNHKGFAF28DG,永寧一段5地號
QPPNMLNKNHKGFIF98CG,安溪段698地號
VPPNMLTKNHKGFCF86CG,明德段267地號
VPPNMLTKNHKGFCF86CG,明德段283地號
VPPNMLTKNHKGFCF86CG,明德段321地號
VPPNMLTKNHKGFCF86CG,明德段322地號
VPPNMLTKNHKGFCF86CG,明德段323地號
VPPNMLTKNHKGFCF86CG,明德段268地號
VPPNMLTKNHKGFCF86CG,明德段269地號
VPPNMLTKNHKGFCF86CG,明德段272地號
VPPNMLTKNHKGFCF86CG,明德段273地號
VPPNMLTKNHKGFCF86CG,明德段275地號
VPPNMLTKNHKGFCF86CG,明德段276地號
VPPNMLTKNHKGFCF86CG,明德段279地號
VPPNMLTKNHKGFCF86CG,明德段280地號
SPPNMLMLNHKGFHF56DG,捷運段166地號
SPPNMLMLNHKGFHF56DG,捷運段168地號
SPPNMLMLNHKGFHF56DG,捷運段169地號
QPPNMLRLNHKGFEF09CG,訊塘段19地號
QPQNMLRLNHKGFAF88DG,明德段213地號
QPPNMLRLNHKGFHF76CG,廟美段676-1地號
QPPNMLMJOHKGFBF18CG,副都心段一小段395地號
QPPNMLMJOHKGFBF18CG,副都心段一小段396地號
QPPNMLMJOHKGFBF18CG,副都心段一小段397地號
QPPNMLMJOHKGFBF18CG,副都心段一小段398地號
QPRNMLNJOHKGFAF38CG,國光段526地號
QPRNMLNJOHKGFAF38CG,國光段531-5地號
QPRNMLNJOHKGFAF38CG,國光段538地號
QPRNMLNJOHKGFAF38CG,國光段539地號
QPRNMLNJOHKGFAF38CG,國光段542地號
QPRNMLNJOHKGFAF38CG,國光段543地號
QPRNMLNJOHKGFAF38CG,國光段544地號
QPRNMLNJOHKGFAF38CG,國光段554地號
QPRNMLNJOHKGFAF38CG,國光段614-1地號
QPRNMLNJOHKGFAF38CG,國光段615-1地號
QPRNMLNJOHKGFAF38CG,國光段615-2地號
QPRNMLNJOHKGFAF38CG,國光段527地號
QPRNMLNJOHKGFAF38CG,國光段615-3地號
QPRNMLNJOHKGFAF38CG,國光段528地號
QPRNMLNJOHKGFAF38CG,國光段529地號
QPRNMLNJOHKGFAF38CG,國光段530地號
QPRNMLNJOHKGFAF38CG,國光段530-1地號
QPRNMLNJOHKGFAF38CG,國光段531地號
QPRNMLNJOHKGFAF38CG,國光段531-1地號
QPRNMLNJOHKGFAF38CG,國光段531-4地號
QPPNMLSJOHKGFHF76CG,橋和段426地號
QPPNMLSJOHKGFHF76CG,橋和段427地號
QPPNMLSJOHKGFHF76CG,橋和段430地號
QPPNMLSJOHKGFHF76CG,橋和段431地號
QPPNMLSJOHKGFHF76CG,橋和段432地號
QPPNMLSJOHKGFHF76CG,橋和段433地號
QPPNMLMKOHKGFGF78CG,五谷王段11-1地號
QPPNMLMKOHKGFGF78CG,五谷王段25地號
QPPNMLMKOHKGFGF78CG,五谷王段26地號
QPPNMLMKOHKGFGF78CG,五谷王段15地號
QPPNMLMKOHKGFGF78CG,五谷王段16地號
QPPNMLMKOHKGFGF78CG,五谷王段18地號
QPPNMLMKOHKGFGF78CG,五谷王一段19地號
QPPNMLMKOHKGFGF78CG,五谷王段21地號
QPPNMLMKOHKGFGF78CG,五谷王段22地號
QPPNMLMKOHKGFGF78CG,五谷王段23地號
QPPNMLMKOHKGFGF78CG,五谷王段24地號
QPQNMLTKOHKGFBF09CG,中泰段477-1地號
QPPNMLRLOHKGFBF88CG,中原段117地號
QPPNMLLJPHKGFGF68CG,永德段1270-11地號
QPPNMLLJPHKGFGF68CG,永德段1300地號
QPPNMLLJPHKGFGF68CG,永德段1301地號
QPPNMLLJPHKGFGF68CG,永德段1302地號
QPPNMLLJPHKGFGF68CG,永德段1270-12地號
QPPNMLLJPHKGFGF68CG,永德段1270-13地號
QPPNMLLJPHKGFGF68CG,永德段1270-14地號
QPPNMLLJPHKGFGF68CG,永德段1289地號
QPPNMLLJPHKGFGF68CG,永德段1292-2地號
QPPNMLLJPHKGFGF68CG,永德段1292-3地號
QPPNMLLJPHKGFGF68CG,永德段1292-5地號
QPPNMLLJPHKGFGF68CG,永德段1299地號
QPPNMLMJPHKGFGF78CG,五谷王段244地號
QPPNMLMJPHKGFGF78CG,五谷王段245地號
QPPNMLMJPHKGFGF78CG,五谷王段246地號
QPPNMLQKPHKGFGF76DG,三重段104地號
QPPNMLQKPHKGFGF76DG,三重段105地號
QPPNMLRKPHKGFEF66DG,海鷗段1209地號
QPPNMLRKPHKGFEF66DG,海鷗段1210地號
QPPNMLRKPHKGFEF66DG,海鷗段1217-1地號
TPPNMLSKPHKGFAF56CG,江子翠段溪頭小段119-48地號
TPPNMLSKPHKGFAF56CG,江子翠段溪頭小段120-23地號
TPPNMLSKPHKGFAF56CG,江子翠段溪頭小段120-24地號
TPPNMLSKPHKGFAF56CG,江子翠段溪頭小段120-25地號
TPPNMLSKPHKGFAF56CG,江子翠段溪頭小段122-1地號
TPPNMLSKPHKGFAF56CG,江子翠段溪頭小段175地號
TPPNMLSKPHKGFAF56CG,江子翠段溪頭小段176地號
TPPNMLSKPHKGFAF56CG,江子翠段溪頭小段176-4地號
TPPNMLSKPHKGFAF56CG,江子翠段溪頭小段119-49地號
TPPNMLSKPHKGFAF56CG,江子翠段溪頭小段119-50地號
TPPNMLSKPHKGFAF56CG,江子翠段溪頭小段119-51地號
TPPNMLSKPHKGFAF56CG,江子翠段溪頭小段119-52地號
TPPNMLSKPHKGFAF56CG,江子翠段溪頭小段119-53地號
TPPNMLSKPHKGFAF56CG,江子翠段溪頭小段119-54地號
TPPNMLSKPHKGFAF56CG,江子翠段溪頭小段120-6地號
TPPNMLSKPHKGFAF56CG,江子翠段溪頭小段120-22地號
QPPNMLOLPHKGFEF98CG,海鷗段1075-1地號
QPPNMLOLPHKGFEF98CG,海鷗段1074地號
QPPNMLOLPHKGFEF98CG,海鷗段1064地號
QPPNMLOLPHKGFEF98CG,海鷗段1078-1地號
QPPNMLOLPHKGFEF98CG,海鷗段1127地號
QPPNMLOLPHKGFEF98CG,海鷗段1073地號
QPPNMLOLPHKGFEF98CG,海鷗段1064-1地號
QPPNMLOLPHKGFEF98CG,海鷗段1077地號
QPPNMLOLPHKGFEF98CG,海鷗段1127-2地號
QPPNMLOLPHKGFEF98CG,海鷗段1127-4地號
QPPNMLOLPHKGFEF98CG,海鷗段1044-6地號
QPPNMLOLPHKGFEF98CG,海鷗段1065地號
QPPNMLOLPHKGFEF98CG,海鷗段1126地號
QPPNMLOLPHKGFEF98CG,海鷗段1127-3地號
QPPNMLTLPHKGFBF56CG,力行段244地號
QPPNMLTLPHKGFBF56CG,力行段245地號
WPPNMLTLPHKGFHF87DG,國道段146地號
WPPNMLTLPHKGFHF87DG,國道段155地號
WPPNMLTLPHKGFHF87DG,國道段156地號
WPPNMLTLPHKGFHF87DG,國道段157地號
WPPNMLTLPHKGFHF87DG,國道段158地號
WPPNMLTLPHKGFHF87DG,國道段159地號
WPPNMLTLPHKGFHF87DG,國道段160地號
WPPNMLTLPHKGFHF87DG,國道段161地號
WPPNMLTLPHKGFHF87DG,國道段162地號
WPPNMLTLPHKGFHF87DG,國道段163地號
WPPNMLTLPHKGFHF87DG,國道段164地號
WPPNMLTLPHKGFHF87DG,國道段147地號
WPPNMLTLPHKGFHF87DG,國道段165地號
WPPNMLTLPHKGFHF87DG,國道段166地號
WPPNMLTLPHKGFHF87DG,國道段167地號
WPPNMLTLPHKGFHF87DG,國道段109-1地號
WPPNMLTLPHKGFHF87DG,國道段148地號
WPPNMLTLPHKGFHF87DG,國道段149地號
WPPNMLTLPHKGFHF87DG,國道段150地號
WPPNMLTLPHKGFHF87DG,國道段151地號
WPPNMLTLPHKGFHF87DG,國道段152地號
WPPNMLTLPHKGFHF87DG,國道段153地號
WPPNMLTLPHKGFHF87DG,國道段154地號
QPPNMLPJQHKGFEF98CG,飛歌段1046-2地號
QPPNMLPJQHKGFEF98CG,飛歌段1056地號
QPPNMLPJQHKGFEF98CG,飛歌段1047-3地號
QPPNMLPJQHKGFEF98CG,飛歌段1047-5地號
QPPNMLPJQHKGFEF98CG,飛歌段1051地號
QPPNMLPJQHKGFEF98CG,飛歌段1052-1地號
QPPNMLPJQHKGFEF98CG,飛歌段1053地號
QPPNMLPJQHKGFEF98CG,飛歌段1054地號
QPPNMLPJQHKGFEF98CG,飛歌段1055地號
QPPNMLPJQHKGFEF98CG,飛歌段1055-3地號
TPRNMLPJQHKGFBF66DG,富國段224-1地號
TPRNMLPJQHKGFBF66DG,富國段226-1地號
TPRNMLPJQHKGFBF66DG,富國段227地號
TPRNMLPJQHKGFBF66DG,富國段228地號
TPRNMLPJQHKGFBF66DG,富國段229地號
QPQNMLRJQHKGFBF98CG,新林段190-1地號
QPRNMLRJQHKGFAF09DG,中興段179地號
QPRNMLRJQHKGFAF09DG,中興段183地號
QPRNMLRJQHKGFAF09DG,中興段188地號
QPRNMLRJQHKGFAF09DG,中興段188-1地號
QPRNMLRJQHKGFAF09DG,中興段188-2地號
QPRNMLRJQHKGFAF09DG,中興段188-3地號
QPRNMLRJQHKGFAF09DG,中興段189地號
QPRNMLRJQHKGFAF09DG,中興段189-1地號
QPRNMLRJQHKGFAF09DG,中興段189-2地號
QPRNMLRJQHKGFAF09DG,中興段189-3地號
QPRNMLRJQHKGFAF09DG,中興段189-4地號
QPRNMLRJQHKGFAF09DG,中興段180-1地號
QPRNMLRJQHKGFAF09DG,中興段190地號
QPRNMLRJQHKGFAF09DG,中興段190-1地號
QPRNMLRJQHKGFAF09DG,中興段190-2地號
QPRNMLRJQHKGFAF09DG,中興段190-3地號
QPRNMLRJQHKGFAF09DG,中興段190-4地號
QPRNMLRJQHKGFAF09DG,中興段191地號
QPRNMLRJQHKGFAF09DG,中興段192地號
QPRNMLRJQHKGFAF09DG,中興段192-1地號
QPRNMLRJQHKGFAF09DG,中興段192-2地號
QPRNMLRJQHKGFAF09DG,中興段192-3地號
QPRNMLRJQHKGFAF09DG,中興段181地號
QPRNMLRJQHKGFAF09DG,中興段192-4地號
QPRNMLRJQHKGFAF09DG,中興段194地號
QPRNMLRJQHKGFAF09DG,中興段194-1地號
QPRNMLRJQHKGFAF09DG,中興段212-3地號
QPRNMLRJQHKGFAF09DG,中興段212-7地號
QPRNMLRJQHKGFAF09DG,成功段27-1地號
QPRNMLRJQHKGFAF09DG,成功段27-2地號
QPRNMLRJQHKGFAF09DG,中興段181-1地號
QPRNMLRJQHKGFAF09DG,中興段181-2地號
QPRNMLRJQHKGFAF09DG,中興段182地號
QPRNMLRJQHKGFAF09DG,中興段182-1地號
QPRNMLRJQHKGFAF09DG,中興段182-2地號
QPRNMLRJQHKGFAF09DG,中興段182-3地號
SPPNMLTKQHKGFDF96CG,智興段281地號
SPPNMLTKQHKGFDF96CG,智興段287地號
SPPNMLTKQHKGFDF96CG,智興段288地號
SPPNMLTKQHKGFDF96CG,智興段289-1地號
SPPNMLTKQHKGFDF96CG,智興段313地號
SPPNMLTKQHKGFDF96CG,智興段315地號
SPPNMLTKQHKGFDF96CG,智興段317地號
SPPNMLTKQHKGFDF96CG,智興段320地號
SPPNMLTKQHKGFDF96CG,智興段281-1地號
SPPNMLTKQHKGFDF96CG,智興段281-2地號
SPPNMLTKQHKGFDF96CG,智興段281-3地號
SPPNMLTKQHKGFDF96CG,智興段282地號
SPPNMLTKQHKGFDF96CG,智興段283地號
SPPNMLTKQHKGFDF96CG,智興段284地號
SPPNMLTKQHKGFDF96CG,智興段285地號
SPPNMLTKQHKGFDF96CG,智興段286地號
TPPNMLKLQHKGFHF76DG,圓通段60地號
TPPNMLKLQHKGFHF76DG,圓通段61地號
QPQNMLTLQHKGFAF76DG,亞東段984地號
QPQNMLTLQHKGFAF76DG,亞東段990地號
QPQNMLTLQHKGFAF76DG,亞東段1007-3地號
QPQNMLTLQHKGFAF76DG,亞東段981-7地號
QPQNMLTLQHKGFAF76DG,亞東段985地號
QPQNMLTLQHKGFAF76DG,亞東段997地號
QPQNMLTLQHKGFAF76DG,亞東段983地號
QPQNMLTLQHKGFAF76DG,亞東段989地號
QPQNMLTLQHKGFAF76DG,亞東段986地號
QPPNMLSKRHKGFGF07CG,二重段1000地號
QPPNMLSKRHKGFGF07CG,二重段1001地號
QPPNMLSKRHKGFGF07CG,二重段1002地號
QPPNMLSKRHKGFGF07CG,二重段1003地號
QPPNMLNLRHKGFBF78CG,副都心段一小段51地號
QPPNMLNLRHKGFBF78CG,副都心段一小段53地號
QPPNMLNLRHKGFBF78CG,副都心段一小段53-1地號
QPPNMLNLRHKGFBF78CG,副都心段一小段53-2地號
QPPNMLNLRHKGFBF78CG,副都心段一小段53-3地號
QPPNMLNLRHKGFBF78CG,副都心段一小段54地號
QPPNMLNLRHKGFBF78CG,副都心段一小段56地號
QPPNMLNLRHKGFBF78CG,副都心段一小段57地號
QPPNMLOLRHKGFHF96DG,民利段587地號
QPPNMLOLRHKGFHF96DG,民利段590地號
QPPNMLOLRHKGFHF96DG,民利段594-1地號
QPPNMLOLRHKGFHF96DG,民利段595-3地號
QPPNMLOLRHKGFHF96DG,民利段596-3地號
QPPNMLRJIIKGFBF18CG,麗林段726地號
QPPNMLRJIIKGFBF18CG,麗林段727地號
QPPNMLRJIIKGFBF18CG,麗林段742地號
QPQNMLTJIIKGFHF56DG,保福段853-6地號
QPQNMLTJIIKGFHF56DG,頂溪段228地號
QPQNMLTJIIKGFHF56DG,頂溪段320地號
QPQNMLTJIIKGFHF56DG,頂溪段321地號
QPQNMLTJIIKGFHF56DG,頂溪段322地號
QPQNMLTJIIKGFHF56DG,頂溪段323地號
QPQNMLTJIIKGFHF56DG,頂溪段324地號
QPQNMLTJIIKGFHF56DG,頂溪段326地號
QPQNMLTJIIKGFHF56DG,頂溪段327地號
QPQNMLTJIIKGFHF56DG,頂溪段328地號
QPQNMLTJIIKGFHF56DG,頂溪段329地號
QPQNMLTJIIKGFHF56DG,頂溪段330地號
QPQNMLTJIIKGFHF56DG,頂溪段229地號
QPQNMLTJIIKGFHF56DG,頂溪段330-1地號
QPQNMLTJIIKGFHF56DG,頂溪段330-2地號
QPQNMLTJIIKGFHF56DG,頂溪段330-3地號
QPQNMLTJIIKGFHF56DG,頂溪段330-4地號
QPQNMLTJIIKGFHF56DG,頂溪段330-5地號
QPQNMLTJIIKGFHF56DG,頂溪段331地號
QPQNMLTJIIKGFHF56DG,頂溪段332地號
QPQNMLTJIIKGFHF56DG,頂溪段333地號
QPQNMLTJIIKGFHF56DG,頂溪段334地號
QPQNMLTJIIKGFHF56DG,頂溪段335地號
QPQNMLTJIIKGFHF56DG,頂溪段230地號
QPQNMLTJIIKGFHF56DG,頂溪段336地號
QPQNMLTJIIKGFHF56DG,頂溪段337-2地號
QPQNMLTJIIKGFHF56DG,頂溪段342地號
QPQNMLTJIIKGFHF56DG,頂溪段343地號
QPQNMLTJIIKGFHF56DG,頂溪段344-1地號
QPQNMLTJIIKGFHF56DG,頂溪段345地號
QPQNMLTJIIKGFHF56DG,頂溪段346地號
QPQNMLTJIIKGFHF56DG,頂溪段347地號
QPQNMLTJIIKGFHF56DG,頂溪段348地號
QPQNMLTJIIKGFHF56DG,頂溪段349地號
QPQNMLTJIIKGFHF56DG,頂溪段231地號
QPQNMLTJIIKGFHF56DG,頂溪段350地號
QPQNMLTJIIKGFHF56DG,頂溪段351地號
QPQNMLTJIIKGFHF56DG,頂溪段352地號
QPQNMLTJIIKGFHF56DG,頂溪段353地號
QPQNMLTJIIKGFHF56DG,頂溪段354地號
QPQNMLTJIIKGFHF56DG,頂溪段867地號
QPQNMLTJIIKGFHF56DG,頂溪段371地號
QPQNMLTJIIKGFHF56DG,頂溪段232地號
QPQNMLTJIIKGFHF56DG,頂溪段233地號
QPQNMLTJIIKGFHF56DG,頂溪段234地號
QPQNMLTJIIKGFHF56DG,頂溪段235地號
QPQNMLTJIIKGFHF56DG,頂溪段236地號
QPQNMLTJIIKGFHF56DG,頂溪段237地號
QPQNMLTJIIKGFHF56DG,保福段855-1地號
QPQNMLTJIIKGFHF56DG,頂溪段238地號
QPQNMLTJIIKGFHF56DG,頂溪段239地號
QPQNMLTJIIKGFHF56DG,頂溪段240地號
QPQNMLTJIIKGFHF56DG,頂溪段241地號
QPQNMLTJIIKGFHF56DG,頂溪段242地號
QPQNMLTJIIKGFHF56DG,頂溪段243地號
QPQNMLTJIIKGFHF56DG,頂溪段244地號
QPQNMLTJIIKGFHF56DG,頂溪段245地號
QPQNMLTJIIKGFHF56DG,頂溪段246地號
QPQNMLTJIIKGFHF56DG,頂溪段247地號
QPQNMLTJIIKGFHF56DG,頂溪段226-1地號
QPQNMLTJIIKGFHF56DG,頂溪段248地號
QPQNMLTJIIKGFHF56DG,頂溪段249地號
QPQNMLTJIIKGFHF56DG,頂溪段250地號
QPQNMLTJIIKGFHF56DG,頂溪段251地號
QPQNMLTJIIKGFHF56DG,頂溪段252地號
QPQNMLTJIIKGFHF56DG,頂溪段253地號
QPQNMLTJIIKGFHF56DG,頂溪段254地號
QPQNMLTJIIKGFHF56DG,頂溪段255地號
QPQNMLTJIIKGFHF56DG,頂溪段256地號
QPQNMLTJIIKGFHF56DG,頂溪段257地號
QPQNMLTJIIKGFHF56DG,頂溪段226-2地號
QPQNMLTJIIKGFHF56DG,頂溪段258地號
QPQNMLTJIIKGFHF56DG,頂溪段259地號
QPQNMLTJIIKGFHF56DG,頂溪段260地號
QPQNMLTJIIKGFHF56DG,頂溪段261地號
QPQNMLTJIIKGFHF56DG,頂溪段262地號
QPQNMLTJIIKGFHF56DG,頂溪段263地號
QPQNMLTJIIKGFHF56DG,頂溪段264地號
QPQNMLTJIIKGFHF56DG,頂溪段265地號
QPQNMLTJIIKGFHF56DG,頂溪段266地號
QPQNMLTJIIKGFHF56DG,頂溪段267地號
QPQNMLTJIIKGFHF56DG,頂溪段226-15地號
QPQNMLTJIIKGFHF56DG,頂溪段268地號
QPQNMLTJIIKGFHF56DG,頂溪段269地號
QPQNMLTJIIKGFHF56DG,頂溪段270地號
QPQNMLTJIIKGFHF56DG,頂溪段271地號
QPQNMLTJIIKGFHF56DG,頂溪段272地號
QPQNMLTJIIKGFHF56DG,頂溪段273地號
QPQNMLTJIIKGFHF56DG,頂溪段274地號
QPQNMLTJIIKGFHF56DG,頂溪段275地號
QPQNMLTJIIKGFHF56DG,頂溪段276地號
QPQNMLTJIIKGFHF56DG,頂溪段277地號
QPQNMLTJIIKGFHF56DG,頂溪段226-23地號
QPQNMLTJIIKGFHF56DG,頂溪段278地號
QPQNMLTJIIKGFHF56DG,頂溪段279地號
QPQNMLTJIIKGFHF56DG,頂溪段280地號
QPQNMLTJIIKGFHF56DG,頂溪段281地號
QPQNMLTJIIKGFHF56DG,頂溪段282地號
QPQNMLTJIIKGFHF56DG,頂溪段283地號
QPQNMLTJIIKGFHF56DG,頂溪段284地號
QPQNMLTJIIKGFHF56DG,頂溪段285地號
QPQNMLTJIIKGFHF56DG,頂溪段286地號
QPQNMLTJIIKGFHF56DG,頂溪段287地號
QPQNMLTJIIKGFHF56DG,頂溪段226-24地號
QPQNMLTJIIKGFHF56DG,頂溪段288地號
QPQNMLTJIIKGFHF56DG,頂溪段289地號
QPQNMLTJIIKGFHF56DG,頂溪段290地號
QPQNMLTJIIKGFHF56DG,頂溪段291地號
QPQNMLTJIIKGFHF56DG,頂溪段292地號
QPQNMLTJIIKGFHF56DG,頂溪段293地號
QPQNMLTJIIKGFHF56DG,頂溪段294地號
QPQNMLTJIIKGFHF56DG,頂溪段295地號
QPQNMLTJIIKGFHF56DG,頂溪段296地號
QPQNMLTJIIKGFHF56DG,頂溪段297地號
QPQNMLTJIIKGFHF56DG,頂溪段226-26地號
QPQNMLTJIIKGFHF56DG,頂溪段298地號
QPQNMLTJIIKGFHF56DG,頂溪段299地號
QPQNMLTJIIKGFHF56DG,頂溪段300地號
QPQNMLTJIIKGFHF56DG,頂溪段301地號
QPQNMLTJIIKGFHF56DG,頂溪段302地號
QPQNMLTJIIKGFHF56DG,頂溪段304地號
QPQNMLTJIIKGFHF56DG,頂溪段305地號
QPQNMLTJIIKGFHF56DG,頂溪段306地號
QPQNMLTJIIKGFHF56DG,頂溪段307地號
QPQNMLTJIIKGFHF56DG,頂溪段308地號
QPQNMLTJIIKGFHF56DG,頂溪段227地號
QPQNMLTJIIKGFHF56DG,頂溪段309地號
QPQNMLTJIIKGFHF56DG,頂溪段310地號
QPQNMLTJIIKGFHF56DG,頂溪段311地號
QPQNMLTJIIKGFHF56DG,頂溪段312地號
QPQNMLTJIIKGFHF56DG,頂溪段313地號
QPQNMLTJIIKGFHF56DG,頂溪段314地號
QPQNMLTJIIKGFHF56DG,頂溪段315地號
QPQNMLTJIIKGFHF56DG,頂溪段316地號
QPQNMLTJIIKGFHF56DG,頂溪段318地號
QPQNMLTJIIKGFHF56DG,頂溪段319地號
VPPNMLOKIIKGFBF48CG,信華段五小段15-1地號
VPPNMLOKIIKGFBF48CG,信華段五小段16地號
VPPNMLOKIIKGFBF48CG,信華段五小段17地號
QPPNMLKLIIKGFHF28CG,中信段1007地號
QPPNMLKLIIKGFHF28CG,中信段1016地號
QPPNMLKLIIKGFHF28CG,中信段1008地號
QPPNMLKLIIKGFHF28CG,中信段1009地號
QPPNMLKLIIKGFHF28CG,中信段1010地號
QPPNMLKLIIKGFHF28CG,中信段1011地號
QPPNMLKLIIKGFHF28CG,中信段1012地號
QPPNMLKLIIKGFHF28CG,中信段1013地號
QPPNMLKLIIKGFHF28CG,中信段1014地號
QPPNMLKLIIKGFHF28CG,中信段1015地號
QPPNMLMLIIKGFAF77CG,永和段589地號
QPPNMLOLIIKGFCF18CG,斯馨段20地號
QPPNMLSLIIKGFGF98CG,仁信段87地號
QPPNMLSLIIKGFGF98CG,仁信段88地號
QPPNMLSLIIKGFGF98CG,仁信段88-1地號
QPPNMLLMIIKGFIF58CG,樹德段595地號
QPPNMLPJJIKGFGF58CG,重陽段7-1地號
QPPNMLPJJIKGFGF58CG,重陽段8地號
QPPNMLPJJIKGFGF58CG,重陽段9地號
QPPNMLPJJIKGFGF58CG,集賢段563地號
QPPNMLPJJIKGFGF58CG,集賢段564地號
RPRNMLQJJIKGFHF09CG,樂華段296地號
RPRNMLQJJIKGFHF09CG,樂華段303-1地號
RPRNMLQJJIKGFHF09CG,樂華段304地號
RPRNMLQJJIKGFHF09CG,樂華段305地號
RPRNMLQJJIKGFHF09CG,樂華段306地號
RPRNMLQJJIKGFHF09CG,樂華段306-1地號
RPRNMLQJJIKGFHF09CG,樂華段307地號
RPRNMLQJJIKGFHF09CG,樂華段307-1地號
RPRNMLQJJIKGFHF09CG,樂華段308地號
RPRNMLQJJIKGFHF09CG,樂華段309地號
RPRNMLQJJIKGFHF09CG,樂華段310地號
RPRNMLQJJIKGFHF09CG,樂華段297地號
RPRNMLQJJIKGFHF09CG,樂華段311地號
RPRNMLQJJIKGFHF09CG,樂華段311-1地號
RPRNMLQJJIKGFHF09CG,樂華段312地號
RPRNMLQJJIKGFHF09CG,樂華段312-1地號
RPRNMLQJJIKGFHF09CG,樂華段313地號
RPRNMLQJJIKGFHF09CG,樂華段314地號
RPRNMLQJJIKGFHF09CG,樂華段314-1地號
RPRNMLQJJIKGFHF09CG,樂華段315地號
RPRNMLQJJIKGFHF09CG,樂華段315-1地號
RPRNMLQJJIKGFHF09CG,樂華段316地號
RPRNMLQJJIKGFHF09CG,樂華段297-1地號
RPRNMLQJJIKGFHF09CG,樂華段317地號
RPRNMLQJJIKGFHF09CG,樂華段318地號
RPRNMLQJJIKGFHF09CG,樂華段507地號
RPRNMLQJJIKGFHF09CG,樂華段508地號
RPRNMLQJJIKGFHF09CG,樂華段509地號
RPRNMLQJJIKGFHF09CG,樂華段520地號
RPRNMLQJJIKGFHF09CG,樂華段520-1地號
RPRNMLQJJIKGFHF09CG,樂華段521地號
RPRNMLQJJIKGFHF09CG,樂華段521-1地號
RPRNMLQJJIKGFHF09CG,樂華段522地號
RPRNMLQJJIKGFHF09CG,樂華段298地號
RPRNMLQJJIKGFHF09CG,樂華段523地號
RPRNMLQJJIKGFHF09CG,樂華段524地號
RPRNMLQJJIKGFHF09CG,樂華段528地號
RPRNMLQJJIKGFHF09CG,樂華段528-1地號
RPRNMLQJJIKGFHF09CG,樂華段529地號
RPRNMLQJJIKGFHF09CG,樂華段300地號
RPRNMLQJJIKGFHF09CG,樂華段301地號
RPRNMLQJJIKGFHF09CG,樂華段302地號
RPRNMLQJJIKGFHF09CG,樂華段302-1地號
RPRNMLQJJIKGFHF09CG,樂華段303地號
QPPNMLRJJIKGFBF28CG,文德段244地號
QPPNMLRJJIKGFBF28CG,文德段247地號
QPPNMLRJJIKGFBF28CG,文德段248地號
QPPNMLRJJIKGFBF28CG,文德段249地號
QPPNMLRJJIKGFBF28CG,文德段251地號
QPPNMLRJJIKGFBF28CG,文德段252地號
QPPNMLMKJIKGFAF77CG,忠義段350-3地號
QPPNMLMKJIKGFAF77CG,忠義段367-2地號
QPPNMLMKJIKGFAF77CG,忠義段367-3地號
QPPNMLMKJIKGFAF77CG,忠義段371-1地號
QPPNMLMKJIKGFAF77CG,忠義段372地號
QPPNMLMKJIKGFAF77CG,忠義段372-1地號
QPPNMLMKJIKGFAF77CG,忠義段373地號
QPPNMLMKJIKGFAF77CG,忠義段374地號
QPPNMLMKJIKGFAF77CG,忠義段375地號
QPPNMLMKJIKGFAF77CG,忠義段376地號
QPPNMLMKJIKGFAF77CG,忠義段380地號
QPPNMLMKJIKGFAF77CG,忠義段365地號
QPPNMLMKJIKGFAF77CG,忠義段381地號
QPPNMLMKJIKGFAF77CG,忠義段386地號
QPPNMLMKJIKGFAF77CG,忠義段386-1地號
QPPNMLMKJIKGFAF77CG,忠義段365-2地號
QPPNMLMKJIKGFAF77CG,忠義段365-5地號
QPPNMLMKJIKGFAF77CG,忠義段366地號
QPPNMLMKJIKGFAF77CG,忠義段366-1地號
QPPNMLMKJIKGFAF77CG,忠義段366-2地號
QPPNMLMKJIKGFAF77CG,忠義段366-5地號
QPPNMLMKJIKGFAF77CG,忠義段367地號
QPPNMLTKJIKGFHF66DG,三民段3地號
QPPNMLTKJIKGFHF66DG,員山段318-1地號
QPPNMLTKJIKGFHF66DG,員山段863-1地號
QPQNMLQLJIKGFIF66DG,鳳鳴段305-1地號
QPRNMLPJKIKGFEF78DG,米蘭段601地號
QPRNMLPJKIKGFEF78DG,米蘭段601-2地號
QPWNMLSJKIKGFBF56CG,麗林段292地號
QPWNMLSJKIKGFBF56CG,麗林段293地號
QPPNMLPKKIKGFAF28DG,永福段11地號
QPPNMLPKKIKGFAF28DG,永福段12地號
QPPNMLSLKIKGFBF78DG,中原段213地號
QPPNMLSLKIKGFBF78DG,中原段214地號
